Product Name,CAS,Product Line,Category,Product Page,TDS,Specification
Isopropanol (IPA),67-63-0,High-Purity Solvents & Chemicals,HPLC Grade Solvents,/products/hplc-grade-solvents/ipa,/documents/products/hplc-grade-solvents/ipa/LANCHROM-ipa-TDS.pdf,/documents/products/hplc-grade-solvents/ipa/LANCHROM-ipa-Specification.pdf
Acetonitrile,75-05-8,High-Purity Solvents & Chemicals,HPLC Grade Solvents,/products/hplc-grade-solvents/acetonitrile,/documents/products/hplc-grade-solvents/acetonitrile/LANCHROM-acetonitrile-TDS.pdf,/documents/products/hplc-grade-solvents/acetonitrile/LANCHROM-acetonitrile-Specification.pdf
Ethanol,64-17-5,High-Purity Solvents & Chemicals,HPLC Grade Solvents,/products/hplc-grade-solvents/ethanol,/documents/products/hplc-grade-solvents/ethanol/LANCHROM-ethanol-TDS.pdf,/documents/products/hplc-grade-solvents/ethanol/LANCHROM-ethanol-Specification.pdf
Methanol,67-56-1,High-Purity Solvents & Chemicals,HPLC Grade Solvents,/products/hplc-grade-solvents/methanol,/documents/products/hplc-grade-solvents/methanol/LANCHROM-methanol-TDS.pdf,/documents/products/hplc-grade-solvents/methanol/LANCHROM-methanol-Specification.pdf
PGME (Propylene Glycol Methyl Ether),107-98-2,High-Purity Solvents & Chemicals,Pharmaceutical Grade Solvents,/products/pharmaceutical-grade-solvents/pgme,/documents/products/pharmaceutical-grade-solvents/pgme/LANCHROM-pgme-TDS.pdf,/documents/products/pharmaceutical-grade-solvents/pgme/LANCHROM-pgme-Specification.pdf
PGMEA (Propylene Glycol Methyl Ether Acetate),108-65-6,High-Purity Solvents & Chemicals,Pharmaceutical Grade Solvents,/products/pharmaceutical-grade-solvents/pgmea,/documents/products/pharmaceutical-grade-solvents/pgmea/LANCHROM-pgmea-TDS.pdf,/documents/products/pharmaceutical-grade-solvents/pgmea/LANCHROM-pgmea-Specification.pdf
Dimethyl Carbonate (DMC),616-38-6,High-Purity Solvents & Chemicals,Pharmaceutical Grade Solvents,/products/pharmaceutical-grade-solvents/dimethyl-carbonate,/documents/products/pharmaceutical-grade-solvents/dimethyl-carbonate/LANCHROM-dimethyl-carbonate-TDS.pdf,/documents/products/pharmaceutical-grade-solvents/dimethyl-carbonate/LANCHROM-dimethyl-carbonate-Specification.pdf
Dichloromethane (DCM),75-09-2,High-Purity Solvents & Chemicals,HPLC Grade Solvents,/products/hplc-grade-solvents/dichloromethane,/documents/products/hplc-grade-solvents/dichloromethane/LANCHROM-dichloromethane-TDS.pdf,/documents/products/hplc-grade-solvents/dichloromethane/LANCHROM-dichloromethane-Specification.pdf
Ethyl Acetate,141-78-6,High-Purity Solvents & Chemicals,HPLC Grade Solvents,/products/hplc-grade-solvents/ethyl-acetate,/documents/products/hplc-grade-solvents/ethyl-acetate/LANCHROM-ethyl-acetate-TDS.pdf,/documents/products/hplc-grade-solvents/ethyl-acetate/LANCHROM-ethyl-acetate-Specification.pdf
n-Propyl Acetate,109-60-4,High-Purity Solvents & Chemicals,Pharmaceutical Grade Solvents,/products/pharmaceutical-grade-solvents/n-propyl-acetate,/documents/products/pharmaceutical-grade-solvents/n-propyl-acetate/LANCHROM-n-propyl-acetate-TDS.pdf,/documents/products/pharmaceutical-grade-solvents/n-propyl-acetate/LANCHROM-n-propyl-acetate-Specification.pdf
n-Butyl Acetate,123-86-4,High-Purity Solvents & Chemicals,HPLC Grade Solvents,/products/hplc-grade-solvents/n-butyl-acetate,/documents/products/hplc-grade-solvents/n-butyl-acetate/LANCHROM-n-butyl-acetate-TDS.pdf,/documents/products/hplc-grade-solvents/n-butyl-acetate/LANCHROM-n-butyl-acetate-Specification.pdf
Chloroform,67-66-3,High-Purity Solvents & Chemicals,HPLC Grade Solvents,/products/hplc-grade-solvents/chloroform,/documents/products/hplc-grade-solvents/chloroform/LANCHROM-chloroform-TDS.pdf,/documents/products/hplc-grade-solvents/chloroform/LANCHROM-chloroform-Specification.pdf
Toluene,108-88-3,High-Purity Solvents & Chemicals,HPLC Grade Solvents,/products/hplc-grade-solvents/toluene,/documents/products/hplc-grade-solvents/toluene/LANCHROM-toluene-TDS.pdf,/documents/products/hplc-grade-solvents/toluene/LANCHROM-toluene-Specification.pdf
Acetone,67-64-1,High-Purity Solvents & Chemicals,HPLC Grade Solvents,/products/hplc-grade-solvents/acetone,/documents/products/hplc-grade-solvents/acetone/LANCHROM-acetone-TDS.pdf,/documents/products/hplc-grade-solvents/acetone/LANCHROM-acetone-Specification.pdf
Petroleum Ether,8032-32-4,High-Purity Solvents & Chemicals,Pharmaceutical Grade Solvents,/products/pharmaceutical-grade-solvents/petroleum-ether,/documents/products/pharmaceutical-grade-solvents/petroleum-ether/LANCHROM-petroleum-ether-TDS.pdf,/documents/products/pharmaceutical-grade-solvents/petroleum-ether/LANCHROM-petroleum-ether-Specification.pdf
Tetrahydrofuran (THF),109-99-9,High-Purity Solvents & Chemicals,HPLC Grade Solvents,/products/hplc-grade-solvents/tetrahydrofuran,/documents/products/hplc-grade-solvents/tetrahydrofuran/LANCHROM-tetrahydrofuran-TDS.pdf,/documents/products/hplc-grade-solvents/tetrahydrofuran/LANCHROM-tetrahydrofuran-Specification.pdf
n-Heptane,142-82-5,High-Purity Solvents & Chemicals,HPLC Grade Solvents,/products/hplc-grade-solvents/n-heptane,/documents/products/hplc-grade-solvents/n-heptane/LANCHROM-n-heptane-TDS.pdf,/documents/products/hplc-grade-solvents/n-heptane/LANCHROM-n-heptane-Specification.pdf
n-Hexane,110-54-3,High-Purity Solvents & Chemicals,HPLC Grade Solvents,/products/hplc-grade-solvents/n-hexane,/documents/products/hplc-grade-solvents/n-hexane/LANCHROM-n-hexane-TDS.pdf,/documents/products/hplc-grade-solvents/n-hexane/LANCHROM-n-hexane-Specification.pdf
Cyclohexane,110-82-7,High-Purity Solvents & Chemicals,HPLC Grade Solvents,/products/hplc-grade-solvents/cyclohexane,/documents/products/hplc-grade-solvents/cyclohexane/LANCHROM-cyclohexane-TDS.pdf,/documents/products/hplc-grade-solvents/cyclohexane/LANCHROM-cyclohexane-Specification.pdf
NMP (N-Methyl-2-pyrrolidone),872-50-4,High-Purity Solvents & Chemicals,Pharmaceutical Grade Solvents,/products/pharmaceutical-grade-solvents/nmp,/documents/products/pharmaceutical-grade-solvents/nmp/LANCHROM-nmp-TDS.pdf,/documents/products/pharmaceutical-grade-solvents/nmp/LANCHROM-nmp-Specification.pdf
Diethanolamine (DEA),111-42-2,High-Purity Solvents & Chemicals,Pharmaceutical Grade Solvents,/products/pharmaceutical-grade-solvents/diethanolamine,/documents/products/pharmaceutical-grade-solvents/diethanolamine/LANCHROM-diethanolamine-TDS.pdf,/documents/products/pharmaceutical-grade-solvents/diethanolamine/LANCHROM-diethanolamine-Specification.pdf
DMSO (Dimethyl Sulfoxide),67-68-5,High-Purity Solvents & Chemicals,Pharmaceutical Grade Solvents,/products/pharmaceutical-grade-solvents/dmso,/documents/products/pharmaceutical-grade-solvents/dmso/LANCHROM-dmso-TDS.pdf,/documents/products/pharmaceutical-grade-solvents/dmso/LANCHROM-dmso-Specification.pdf
0.005N Sulfuric Acid Mobile Phase,7664-93-9,Ready-to-Use Solutions,Acidified Mobile Phases,/products/acidified-mobile-phases/organic-acid-mobile-phase,/documents/products/acidified-mobile-phases/organic-acid-mobile-phase/LANCHROM-organic-acid-mobile-phase-TDS.pdf,/documents/products/acidified-mobile-phases/organic-acid-mobile-phase/LANCHROM-organic-acid-mobile-phase-Specification.pdf
0.01N Sulfuric Acid Mobile Phase,7664-93-9,Ready-to-Use Solutions,Acidified Mobile Phases,/products/acidified-mobile-phases/sulfuric-acid-01n-mobile-phase,/documents/products/acidified-mobile-phases/sulfuric-acid-01n-mobile-phase/LANCHROM-sulfuric-acid-01n-mobile-phase-TDS.pdf,/documents/products/acidified-mobile-phases/sulfuric-acid-01n-mobile-phase/LANCHROM-sulfuric-acid-01n-mobile-phase-Specification.pdf
Glycerol (Glycerin),56-81-5,"Pharmaceutical, Food & Laboratory Materials",Pharmaceutical Excipients,/products/pharmaceutical-excipients/glycerol,/documents/products/pharmaceutical-excipients/glycerol/LANCHROM-glycerol-TDS.pdf,/documents/products/pharmaceutical-excipients/glycerol/LANCHROM-glycerol-Specification.pdf
Propylene Glycol,57-55-6,"Pharmaceutical, Food & Laboratory Materials",Pharmaceutical Excipients,/products/pharmaceutical-excipients/propylene-glycol,/documents/products/pharmaceutical-excipients/propylene-glycol/LANCHROM-propylene-glycol-TDS.pdf,/documents/products/pharmaceutical-excipients/propylene-glycol/LANCHROM-propylene-glycol-Specification.pdf
PEG 400,25322-68-3,"Pharmaceutical, Food & Laboratory Materials",Pharmaceutical Excipients,/products/pharmaceutical-excipients/peg-400,/documents/products/pharmaceutical-excipients/peg-400/LANCHROM-peg-400-TDS.pdf,/documents/products/pharmaceutical-excipients/peg-400/LANCHROM-peg-400-Specification.pdf
D-Mannitol,69-65-8,"Pharmaceutical, Food & Laboratory Materials",Pharmaceutical Excipients,/products/pharmaceutical-excipients/mannitol,/documents/products/pharmaceutical-excipients/mannitol/LANCHROM-mannitol-TDS.pdf,/documents/products/pharmaceutical-excipients/mannitol/LANCHROM-mannitol-Specification.pdf
Polysorbate 80 (Tween 80),9005-65-6,"Pharmaceutical, Food & Laboratory Materials",Pharmaceutical Excipients,/products/pharmaceutical-excipients/polysorbate-80,/documents/products/pharmaceutical-excipients/polysorbate-80/LANCHROM-polysorbate-80-TDS.pdf,/documents/products/pharmaceutical-excipients/polysorbate-80/LANCHROM-polysorbate-80-Specification.pdf
Citric Acid Monohydrate,5949-29-1,"Pharmaceutical, Food & Laboratory Materials",Food Grade Chemicals,/products/food-grade-chemicals/citric-acid,/documents/products/food-grade-chemicals/citric-acid/LANCHROM-citric-acid-TDS.pdf,/documents/products/food-grade-chemicals/citric-acid/LANCHROM-citric-acid-Specification.pdf
pH Buffer Standard Solutions,,Reference Standards & Analytical Reagents,Physicochemical Calibration Standards,/products/physicochemical-calibration-standards/ph-buffer-standards,/documents/products/physicochemical-calibration-standards/ph-buffer-standards/LANCHROM-ph-buffer-standards-TDS.pdf,/documents/products/physicochemical-calibration-standards/ph-buffer-standards/LANCHROM-ph-buffer-standards-Specification.pdf
Karl Fischer Reagent — Volumetric (Two-Component),,Reference Standards & Analytical Reagents,Karl Fischer Reagents,/products/karl-fischer-reagents/kf-volumetric-reagent,/documents/products/karl-fischer-reagents/kf-volumetric-reagent/LANCHROM-kf-volumetric-reagent-TDS.pdf,/documents/products/karl-fischer-reagents/kf-volumetric-reagent/LANCHROM-kf-volumetric-reagent-Specification.pdf
TLC Silica Gel Plates,,Chromatography & Sample Preparation,TLC / HPTLC Products,/products/tlc-hptlc-products/tlc-silica-plates,/documents/products/tlc-hptlc-products/tlc-silica-plates/LANCHROM-tlc-silica-plates-TDS.pdf,/documents/products/tlc-hptlc-products/tlc-silica-plates/LANCHROM-tlc-silica-plates-Specification.pdf
SPE C18 Cartridges,,Chromatography & Sample Preparation,SPE & Sample Cleanup,/products/spe-sample-cleanup/spe-c18-cartridges,/documents/products/spe-sample-cleanup/spe-c18-cartridges/LANCHROM-spe-c18-cartridges-TDS.pdf,/documents/products/spe-sample-cleanup/spe-c18-cartridges/LANCHROM-spe-c18-cartridges-Specification.pdf
0.1% Formic Acid in Water — Mobile Phase,64-18-6,Ready-to-Use Solutions,Application-Specific Mobile Phase Kits,/products/application-specific-mobile-phase-kits/formic-acid-water-mobile-phase,/documents/products/application-specific-mobile-phase-kits/formic-acid-water-mobile-phase/LANCHROM-formic-acid-water-mobile-phase-TDS.pdf,/documents/products/application-specific-mobile-phase-kits/formic-acid-water-mobile-phase/LANCHROM-formic-acid-water-mobile-phase-Specification.pdf
Ammonium Formate Buffer — Mobile Phase,540-69-2,Ready-to-Use Solutions,Application-Specific Mobile Phase Kits,/products/application-specific-mobile-phase-kits/ammonium-formate-mobile-phase,/documents/products/application-specific-mobile-phase-kits/ammonium-formate-mobile-phase/LANCHROM-ammonium-formate-mobile-phase-TDS.pdf,/documents/products/application-specific-mobile-phase-kits/ammonium-formate-mobile-phase/LANCHROM-ammonium-formate-mobile-phase-Specification.pdf
ICP Multi-Element Standard Solution (23 Elements),,Reference Standards & Analytical Reagents,Elemental & Ionic Standards,/products/elemental-ionic-standards/icp-multi-element-standard,/documents/products/elemental-ionic-standards/icp-multi-element-standard/LANCHROM-icp-multi-element-standard-TDS.pdf,/documents/products/elemental-ionic-standards/icp-multi-element-standard/LANCHROM-icp-multi-element-standard-Specification.pdf
AAS Single-Element Standard Solutions (Full Series),,Reference Standards & Analytical Reagents,Elemental & Ionic Standards,/products/elemental-ionic-standards/aas-standard-solutions,/documents/products/elemental-ionic-standards/aas-standard-solutions/LANCHROM-aas-standard-solutions-TDS.pdf,/documents/products/elemental-ionic-standards/aas-standard-solutions/LANCHROM-aas-standard-solutions-Specification.pdf
Conductivity Standard Solutions,,Reference Standards & Analytical Reagents,Physicochemical Calibration Standards,/products/physicochemical-calibration-standards/conductivity-standards,/documents/products/physicochemical-calibration-standards/conductivity-standards/LANCHROM-conductivity-standards-TDS.pdf,/documents/products/physicochemical-calibration-standards/conductivity-standards/LANCHROM-conductivity-standards-Specification.pdf
NaOH Volumetric Standard Solution,1310-73-2,Reference Standards & Analytical Reagents,Volumetric & Titration Standards,/products/volumetric-titration-standards/naoh-standard-solution,/documents/products/volumetric-titration-standards/naoh-standard-solution/LANCHROM-naoh-standard-solution-TDS.pdf,/documents/products/volumetric-titration-standards/naoh-standard-solution/LANCHROM-naoh-standard-solution-Specification.pdf
Karl Fischer Reagent — Volumetric (Single Component),,Reference Standards & Analytical Reagents,Karl Fischer Reagents,/products/karl-fischer-reagents/kf-single-component-reagent,/documents/products/karl-fischer-reagents/kf-single-component-reagent/LANCHROM-kf-single-component-reagent-TDS.pdf,/documents/products/karl-fischer-reagents/kf-single-component-reagent/LANCHROM-kf-single-component-reagent-Specification.pdf
Karl Fischer Coulometric Reagent Set (Anode / Cathode),,Reference Standards & Analytical Reagents,Karl Fischer Reagents,/products/karl-fischer-reagents/kf-coulometric-reagent,/documents/products/karl-fischer-reagents/kf-coulometric-reagent/LANCHROM-kf-coulometric-reagent-TDS.pdf,/documents/products/karl-fischer-reagents/kf-coulometric-reagent/LANCHROM-kf-coulometric-reagent-Specification.pdf
Sugar Analysis Mobile Phase,,Ready-to-Use Solutions,Application-Specific Mobile Phase Kits,/products/application-specific-mobile-phase-kits/sugar-analysis-mobile-phase,/documents/products/application-specific-mobile-phase-kits/sugar-analysis-mobile-phase/LANCHROM-sugar-analysis-mobile-phase-TDS.pdf,/documents/products/application-specific-mobile-phase-kits/sugar-analysis-mobile-phase/LANCHROM-sugar-analysis-mobile-phase-Specification.pdf
Wine Analysis Mobile Phase Kit,,Ready-to-Use Solutions,Application-Specific Mobile Phase Kits,/products/application-specific-mobile-phase-kits/wine-analysis-mobile-phase,/documents/products/application-specific-mobile-phase-kits/wine-analysis-mobile-phase/LANCHROM-wine-analysis-mobile-phase-TDS.pdf,/documents/products/application-specific-mobile-phase-kits/wine-analysis-mobile-phase/LANCHROM-wine-analysis-mobile-phase-Specification.pdf
Deuterated Chloroform (CDCl₃),865-49-6,High-Purity Solvents & Chemicals,Deuterated NMR Solvents,/products/deuterated-nmr-solvents/cdcl3,/documents/products/deuterated-nmr-solvents/cdcl3/LANCHROM-cdcl3-TDS.pdf,/documents/products/deuterated-nmr-solvents/cdcl3/LANCHROM-cdcl3-Specification.pdf
Deuterated DMSO (DMSO-d6),2206-27-1,High-Purity Solvents & Chemicals,Deuterated NMR Solvents,/products/deuterated-nmr-solvents/dmso-d6,/documents/products/deuterated-nmr-solvents/dmso-d6/LANCHROM-dmso-d6-TDS.pdf,/documents/products/deuterated-nmr-solvents/dmso-d6/LANCHROM-dmso-d6-Specification.pdf
Deuterium Oxide (D₂O),7789-20-0,High-Purity Solvents & Chemicals,Deuterated NMR Solvents,/products/deuterated-nmr-solvents/d2o,/documents/products/deuterated-nmr-solvents/d2o/LANCHROM-d2o-TDS.pdf,/documents/products/deuterated-nmr-solvents/d2o/LANCHROM-d2o-Specification.pdf
HPTLC Plates (High Performance),,Chromatography & Sample Preparation,TLC / HPTLC Products,/products/tlc-hptlc-products/hptlc-plates,/documents/products/tlc-hptlc-products/hptlc-plates/LANCHROM-hptlc-plates-TDS.pdf,/documents/products/tlc-hptlc-products/hptlc-plates/LANCHROM-hptlc-plates-Specification.pdf
SPE HLB Cartridges,,Chromatography & Sample Preparation,SPE & Sample Cleanup,/products/spe-sample-cleanup/spe-hlb-cartridges,/documents/products/spe-sample-cleanup/spe-hlb-cartridges/LANCHROM-spe-hlb-cartridges-TDS.pdf,/documents/products/spe-sample-cleanup/spe-hlb-cartridges/LANCHROM-spe-hlb-cartridges-Specification.pdf
QuEChERS Extraction & Cleanup Kit,,Chromatography & Sample Preparation,SPE & Sample Cleanup,/products/spe-sample-cleanup/quechers-kit,/documents/products/spe-sample-cleanup/quechers-kit/LANCHROM-quechers-kit-TDS.pdf,/documents/products/spe-sample-cleanup/quechers-kit/LANCHROM-quechers-kit-Specification.pdf
Granular Dehydrated Culture Medium (General Series),,Life Science & Workflow Kits,Microbiology & Environmental Monitoring,/products/microbiology-environmental-monitoring/dehydrated-culture-medium,/documents/products/microbiology-environmental-monitoring/dehydrated-culture-medium/LANCHROM-dehydrated-culture-medium-TDS.pdf,/documents/products/microbiology-environmental-monitoring/dehydrated-culture-medium/LANCHROM-dehydrated-culture-medium-Specification.pdf
GMP Cleanroom Environmental Monitoring Kit,,Life Science & Workflow Kits,Microbiology & Environmental Monitoring,/products/microbiology-environmental-monitoring/gmp-environmental-monitoring-kit,/documents/products/microbiology-environmental-monitoring/gmp-environmental-monitoring-kit/LANCHROM-gmp-environmental-monitoring-kit-TDS.pdf,/documents/products/microbiology-environmental-monitoring/gmp-environmental-monitoring-kit/LANCHROM-gmp-environmental-monitoring-kit-Specification.pdf
PCR Pathogen Detection Kit,,Life Science & Workflow Kits,Microbiology & Environmental Monitoring,/products/microbiology-environmental-monitoring/pcr-pathogen-detection-kit,/documents/products/microbiology-environmental-monitoring/pcr-pathogen-detection-kit/LANCHROM-pcr-pathogen-detection-kit-TDS.pdf,/documents/products/microbiology-environmental-monitoring/pcr-pathogen-detection-kit/LANCHROM-pcr-pathogen-detection-kit-Specification.pdf
HPLC Mobile Phase Starter Kit,,Life Science & Workflow Kits,Laboratory Workflow Kits,/products/laboratory-workflow-kits/hplc-mobile-phase-starter-kit,/documents/products/laboratory-workflow-kits/hplc-mobile-phase-starter-kit/LANCHROM-hplc-mobile-phase-starter-kit-TDS.pdf,/documents/products/laboratory-workflow-kits/hplc-mobile-phase-starter-kit/LANCHROM-hplc-mobile-phase-starter-kit-Specification.pdf
Cell Cryopreservation Kit (DMSO),,Life Science & Workflow Kits,Laboratory Workflow Kits,/products/laboratory-workflow-kits/cell-cryopreservation-kit,/documents/products/laboratory-workflow-kits/cell-cryopreservation-kit/LANCHROM-cell-cryopreservation-kit-TDS.pdf,/documents/products/laboratory-workflow-kits/cell-cryopreservation-kit/LANCHROM-cell-cryopreservation-kit-Specification.pdf
Karl Fischer Water Determination Kit,,Life Science & Workflow Kits,Laboratory Workflow Kits,/products/laboratory-workflow-kits/karl-fischer-kit,/documents/products/laboratory-workflow-kits/karl-fischer-kit/LANCHROM-karl-fischer-kit-TDS.pdf,/documents/products/laboratory-workflow-kits/karl-fischer-kit/LANCHROM-karl-fischer-kit-Specification.pdf
Fermentation QC Starter Kit,,Life Science & Workflow Kits,Laboratory Workflow Kits,/products/laboratory-workflow-kits/fermentation-qc-starter-kit,/documents/products/laboratory-workflow-kits/fermentation-qc-starter-kit/LANCHROM-fermentation-qc-starter-kit-TDS.pdf,/documents/products/laboratory-workflow-kits/fermentation-qc-starter-kit/LANCHROM-fermentation-qc-starter-kit-Specification.pdf
GMP Disinfection Solvent Kit,,Life Science & Workflow Kits,Laboratory Workflow Kits,/products/laboratory-workflow-kits/gmp-disinfection-kit,/documents/products/laboratory-workflow-kits/gmp-disinfection-kit/LANCHROM-gmp-disinfection-kit-TDS.pdf,/documents/products/laboratory-workflow-kits/gmp-disinfection-kit/LANCHROM-gmp-disinfection-kit-Specification.pdf
"ICH Q3D Class 1 Element Standard Mix (As, Cd, Hg, Pb)",,Reference Standards & Analytical Reagents,ICH Q3D Elemental Impurity Standards,/products/ich-q3d-elemental-impurities/ich-q3d-class1-standard,/documents/products/ich-q3d-elemental-impurities/ich-q3d-class1-standard/LANCHROM-ich-q3d-class1-standard-TDS.pdf,/documents/products/ich-q3d-elemental-impurities/ich-q3d-class1-standard/LANCHROM-ich-q3d-class1-standard-Specification.pdf
"ICH Q3D Class 2A Element Standard Mix (Co, Ni, V)",,Reference Standards & Analytical Reagents,ICH Q3D Elemental Impurity Standards,/products/ich-q3d-elemental-impurities/ich-q3d-class2a-standard,/documents/products/ich-q3d-elemental-impurities/ich-q3d-class2a-standard/LANCHROM-ich-q3d-class2a-standard-TDS.pdf,/documents/products/ich-q3d-elemental-impurities/ich-q3d-class2a-standard/LANCHROM-ich-q3d-class2a-standard-Specification.pdf
ICH Q3D Class 2B Precious Metal Standard Mix,,Reference Standards & Analytical Reagents,ICH Q3D Elemental Impurity Standards,/products/ich-q3d-elemental-impurities/ich-q3d-class2b-standard,/documents/products/ich-q3d-elemental-impurities/ich-q3d-class2b-standard/LANCHROM-ich-q3d-class2b-standard-TDS.pdf,/documents/products/ich-q3d-elemental-impurities/ich-q3d-class2b-standard/LANCHROM-ich-q3d-class2b-standard-Specification.pdf
"ICH Q3D Class 3 Element Standard Mix (Ba, Cr, Cu, Li, Mo, Sb, Sn)",,Reference Standards & Analytical Reagents,ICH Q3D Elemental Impurity Standards,/products/ich-q3d-elemental-impurities/ich-q3d-class3-standard,/documents/products/ich-q3d-elemental-impurities/ich-q3d-class3-standard/LANCHROM-ich-q3d-class3-standard-TDS.pdf,/documents/products/ich-q3d-elemental-impurities/ich-q3d-class3-standard/LANCHROM-ich-q3d-class3-standard-Specification.pdf
"ICH Q3D Full Panel Standard Kit (24 Elements, Classes 1–3)",,Reference Standards & Analytical Reagents,ICH Q3D Elemental Impurity Standards,/products/ich-q3d-elemental-impurities/ich-q3d-full-panel-kit,/documents/products/ich-q3d-elemental-impurities/ich-q3d-full-panel-kit/LANCHROM-ich-q3d-full-panel-kit-TDS.pdf,/documents/products/ich-q3d-elemental-impurities/ich-q3d-full-panel-kit/LANCHROM-ich-q3d-full-panel-kit-Specification.pdf
2-Butanone (MEK),78-93-3,High-Purity Solvents & Chemicals,Pharmaceutical Grade Solvents,/products/pharmaceutical-grade-solvents/2-butanone-mek,/documents/products/pharmaceutical-grade-solvents/2-butanone-mek/LANCHROM-2-butanone-mek-TDS.pdf,/documents/products/pharmaceutical-grade-solvents/2-butanone-mek/LANCHROM-2-butanone-mek-Specification.pdf
Cyclohexanone,108-94-1,High-Purity Solvents & Chemicals,Pharmaceutical Grade Solvents,/products/pharmaceutical-grade-solvents/cyclohexanone,/documents/products/pharmaceutical-grade-solvents/cyclohexanone/LANCHROM-cyclohexanone-TDS.pdf,/documents/products/pharmaceutical-grade-solvents/cyclohexanone/LANCHROM-cyclohexanone-Specification.pdf
n-Butanol,71-36-3,High-Purity Solvents & Chemicals,Pharmaceutical Grade Solvents,/products/pharmaceutical-grade-solvents/n-butanol,/documents/products/pharmaceutical-grade-solvents/n-butanol/LANCHROM-n-butanol-TDS.pdf,/documents/products/pharmaceutical-grade-solvents/n-butanol/LANCHROM-n-butanol-Specification.pdf
Ethylene Glycol Monoethyl Ether,110-80-5,High-Purity Solvents & Chemicals,Pharmaceutical Grade Solvents,/products/pharmaceutical-grade-solvents/ethylene-glycol-monoethyl-ether,/documents/products/pharmaceutical-grade-solvents/ethylene-glycol-monoethyl-ether/LANCHROM-ethylene-glycol-monoethyl-ether-TDS.pdf,/documents/products/pharmaceutical-grade-solvents/ethylene-glycol-monoethyl-ether/LANCHROM-ethylene-glycol-monoethyl-ether-Specification.pdf
LC-MS Grade Water (Ultrapure),7732-18-5,High-Purity Solvents & Chemicals,LC-MS Grade Solvents,/products/lcms-grade-solvents/lc-ms-grade-water-ultrapure,/documents/products/lcms-grade-solvents/lc-ms-grade-water-ultrapure/LANCHROM-lc-ms-grade-water-ultrapure-TDS.pdf,/documents/products/lcms-grade-solvents/lc-ms-grade-water-ultrapure/LANCHROM-lc-ms-grade-water-ultrapure-Specification.pdf
LC-MS Grade Formic Acid 0.1% in Water,64-18-6,High-Purity Solvents & Chemicals,LC-MS Mobile Phase Additives,/products/lcms-mobile-phase-additives/lc-ms-grade-formic-acid-0-1-in-water,/documents/products/lcms-mobile-phase-additives/lc-ms-grade-formic-acid-0-1-in-water/LANCHROM-lc-ms-grade-formic-acid-0-1-in-water-TDS.pdf,/documents/products/lcms-mobile-phase-additives/lc-ms-grade-formic-acid-0-1-in-water/LANCHROM-lc-ms-grade-formic-acid-0-1-in-water-Specification.pdf
LC-MS Grade Ammonium Acetate 10mM,631-61-8,High-Purity Solvents & Chemicals,LC-MS Mobile Phase Additives,/products/lcms-mobile-phase-additives/lc-ms-grade-ammonium-acetate-10mm,/documents/products/lcms-mobile-phase-additives/lc-ms-grade-ammonium-acetate-10mm/LANCHROM-lc-ms-grade-ammonium-acetate-10mm-TDS.pdf,/documents/products/lcms-mobile-phase-additives/lc-ms-grade-ammonium-acetate-10mm/LANCHROM-lc-ms-grade-ammonium-acetate-10mm-Specification.pdf
LC-MS Grade Ammonium Formate 10mM,540-69-2,High-Purity Solvents & Chemicals,LC-MS Mobile Phase Additives,/products/lcms-mobile-phase-additives/lc-ms-grade-ammonium-formate-10mm,/documents/products/lcms-mobile-phase-additives/lc-ms-grade-ammonium-formate-10mm/LANCHROM-lc-ms-grade-ammonium-formate-10mm-TDS.pdf,/documents/products/lcms-mobile-phase-additives/lc-ms-grade-ammonium-formate-10mm/LANCHROM-lc-ms-grade-ammonium-formate-10mm-Specification.pdf
GC Grade Xylene,1330-20-7,High-Purity Solvents & Chemicals,GC Grade Solvents,/products/gc-grade-solvents/gc-grade-xylene,/documents/products/gc-grade-solvents/gc-grade-xylene/LANCHROM-gc-grade-xylene-TDS.pdf,/documents/products/gc-grade-solvents/gc-grade-xylene/LANCHROM-gc-grade-xylene-Specification.pdf
Trace Analysis Grade Nitric Acid 65%,7697-37-2,High-Purity Solvents & Chemicals,Trace Analysis Chemicals,/products/trace-analysis-chemicals/trace-analysis-grade-nitric-acid-65,/documents/products/trace-analysis-chemicals/trace-analysis-grade-nitric-acid-65/LANCHROM-trace-analysis-grade-nitric-acid-65-TDS.pdf,/documents/products/trace-analysis-chemicals/trace-analysis-grade-nitric-acid-65/LANCHROM-trace-analysis-grade-nitric-acid-65-Specification.pdf
Trace Analysis Grade Hydrochloric Acid 37%,7647-01-0,High-Purity Solvents & Chemicals,Trace Analysis Chemicals,/products/trace-analysis-chemicals/trace-analysis-grade-hydrochloric-acid-37,/documents/products/trace-analysis-chemicals/trace-analysis-grade-hydrochloric-acid-37/LANCHROM-trace-analysis-grade-hydrochloric-acid-37-TDS.pdf,/documents/products/trace-analysis-chemicals/trace-analysis-grade-hydrochloric-acid-37/LANCHROM-trace-analysis-grade-hydrochloric-acid-37-Specification.pdf
Trace Analysis Grade Hydrofluoric Acid,7664-39-3,High-Purity Solvents & Chemicals,Trace Analysis Chemicals,/products/trace-analysis-chemicals/trace-analysis-grade-hydrofluoric-acid,/documents/products/trace-analysis-chemicals/trace-analysis-grade-hydrofluoric-acid/LANCHROM-trace-analysis-grade-hydrofluoric-acid-TDS.pdf,/documents/products/trace-analysis-chemicals/trace-analysis-grade-hydrofluoric-acid/LANCHROM-trace-analysis-grade-hydrofluoric-acid-Specification.pdf
Trace Analysis Grade Hydrogen Peroxide 30%,7722-84-1,High-Purity Solvents & Chemicals,Trace Analysis Chemicals,/products/trace-analysis-chemicals/trace-analysis-grade-hydrogen-peroxide-30,/documents/products/trace-analysis-chemicals/trace-analysis-grade-hydrogen-peroxide-30/LANCHROM-trace-analysis-grade-hydrogen-peroxide-30-TDS.pdf,/documents/products/trace-analysis-chemicals/trace-analysis-grade-hydrogen-peroxide-30/LANCHROM-trace-analysis-grade-hydrogen-peroxide-30-Specification.pdf
Trace Analysis Grade Water,7732-18-5,High-Purity Solvents & Chemicals,Trace Analysis Chemicals,/products/trace-analysis-chemicals/trace-analysis-grade-water,/documents/products/trace-analysis-chemicals/trace-analysis-grade-water/LANCHROM-trace-analysis-grade-water-TDS.pdf,/documents/products/trace-analysis-chemicals/trace-analysis-grade-water/LANCHROM-trace-analysis-grade-water-Specification.pdf
0.1% Formic Acid in Water — Bag,64-18-6,Ready-to-Use Solutions,Acidified Mobile Phases,/products/acidified-mobile-phases/0-1-formic-acid-in-water-bag,/documents/products/acidified-mobile-phases/0-1-formic-acid-in-water-bag/LANCHROM-0-1-formic-acid-in-water-bag-TDS.pdf,/documents/products/acidified-mobile-phases/0-1-formic-acid-in-water-bag/LANCHROM-0-1-formic-acid-in-water-bag-Specification.pdf
0.1% Formic Acid in Acetonitrile — Bag,64-18-6,Ready-to-Use Solutions,Acidified Mobile Phases,/products/acidified-mobile-phases/0-1-formic-acid-in-acetonitrile-bag,/documents/products/acidified-mobile-phases/0-1-formic-acid-in-acetonitrile-bag/LANCHROM-0-1-formic-acid-in-acetonitrile-bag-TDS.pdf,/documents/products/acidified-mobile-phases/0-1-formic-acid-in-acetonitrile-bag/LANCHROM-0-1-formic-acid-in-acetonitrile-bag-Specification.pdf
0.1% Formic Acid in Methanol — Bag,64-18-6,Ready-to-Use Solutions,Acidified Mobile Phases,/products/acidified-mobile-phases/0-1-formic-acid-in-methanol-bag,/documents/products/acidified-mobile-phases/0-1-formic-acid-in-methanol-bag/LANCHROM-0-1-formic-acid-in-methanol-bag-TDS.pdf,/documents/products/acidified-mobile-phases/0-1-formic-acid-in-methanol-bag/LANCHROM-0-1-formic-acid-in-methanol-bag-Specification.pdf
0.1% Acetic Acid in Water — Bag,64-19-7,Ready-to-Use Solutions,Acidified Mobile Phases,/products/acidified-mobile-phases/0-1-acetic-acid-in-water-bag,/documents/products/acidified-mobile-phases/0-1-acetic-acid-in-water-bag/LANCHROM-0-1-acetic-acid-in-water-bag-TDS.pdf,/documents/products/acidified-mobile-phases/0-1-acetic-acid-in-water-bag/LANCHROM-0-1-acetic-acid-in-water-bag-Specification.pdf
10mM Ammonium Acetate in Water — Bag,631-61-8,Ready-to-Use Solutions,Buffer Mobile Phases,/products/buffer-mobile-phases/10mm-ammonium-acetate-in-water-bag,/documents/products/buffer-mobile-phases/10mm-ammonium-acetate-in-water-bag/LANCHROM-10mm-ammonium-acetate-in-water-bag-TDS.pdf,/documents/products/buffer-mobile-phases/10mm-ammonium-acetate-in-water-bag/LANCHROM-10mm-ammonium-acetate-in-water-bag-Specification.pdf
10mM Ammonium Formate in Water — Bag,540-69-2,Ready-to-Use Solutions,Buffer Mobile Phases,/products/buffer-mobile-phases/10mm-ammonium-formate-in-water-bag,/documents/products/buffer-mobile-phases/10mm-ammonium-formate-in-water-bag/LANCHROM-10mm-ammonium-formate-in-water-bag-TDS.pdf,/documents/products/buffer-mobile-phases/10mm-ammonium-formate-in-water-bag/LANCHROM-10mm-ammonium-formate-in-water-bag-Specification.pdf
20mM KH₂PO₄ Buffer pH 2.5 — Bag,7778-77-0,Ready-to-Use Solutions,Buffer Mobile Phases,/products/buffer-mobile-phases/20mm-kh-po-buffer-ph-2-5-bag,/documents/products/buffer-mobile-phases/20mm-kh-po-buffer-ph-2-5-bag/LANCHROM-20mm-kh-po-buffer-ph-2-5-bag-TDS.pdf,/documents/products/buffer-mobile-phases/20mm-kh-po-buffer-ph-2-5-bag/LANCHROM-20mm-kh-po-buffer-ph-2-5-bag-Specification.pdf
5mM H₂SO₄ Mobile Phase — Bag,7664-93-9,Ready-to-Use Solutions,Application-Specific Mobile Phase Kits,/products/application-specific-mobile-phase-kits/5mm-h-so-mobile-phase-bag,/documents/products/application-specific-mobile-phase-kits/5mm-h-so-mobile-phase-bag/LANCHROM-5mm-h-so-mobile-phase-bag-TDS.pdf,/documents/products/application-specific-mobile-phase-kits/5mm-h-so-mobile-phase-bag/LANCHROM-5mm-h-so-mobile-phase-bag-Specification.pdf
Sugar Analysis Mobile Phase Kit (for Ca²⁺ column),,Ready-to-Use Solutions,Application-Specific Mobile Phase Kits,/products/application-specific-mobile-phase-kits/sugar-analysis-mobile-phase-kit-for-ca-column,/documents/products/application-specific-mobile-phase-kits/sugar-analysis-mobile-phase-kit-for-ca-column/LANCHROM-sugar-analysis-mobile-phase-kit-for-ca-column-TDS.pdf,/documents/products/application-specific-mobile-phase-kits/sugar-analysis-mobile-phase-kit-for-ca-column/LANCHROM-sugar-analysis-mobile-phase-kit-for-ca-column-Specification.pdf
Dairy Fermentation Analysis Kit (acid + sugar),,Ready-to-Use Solutions,Application-Specific Mobile Phase Kits,/products/application-specific-mobile-phase-kits/dairy-fermentation-analysis-kit-acid-sugar,/documents/products/application-specific-mobile-phase-kits/dairy-fermentation-analysis-kit-acid-sugar/LANCHROM-dairy-fermentation-analysis-kit-acid-sugar-TDS.pdf,/documents/products/application-specific-mobile-phase-kits/dairy-fermentation-analysis-kit-acid-sugar/LANCHROM-dairy-fermentation-analysis-kit-acid-sugar-Specification.pdf
Wine Analysis Mobile Phase Kit,,Ready-to-Use Solutions,Application-Specific Mobile Phase Kits,/products/application-specific-mobile-phase-kits/wine-analysis-mobile-phase-kit,/documents/products/application-specific-mobile-phase-kits/wine-analysis-mobile-phase-kit/LANCHROM-wine-analysis-mobile-phase-kit-TDS.pdf,/documents/products/application-specific-mobile-phase-kits/wine-analysis-mobile-phase-kit/LANCHROM-wine-analysis-mobile-phase-kit-Specification.pdf
Vinegar Fermentation Analysis Kit,,Ready-to-Use Solutions,Application-Specific Mobile Phase Kits,/products/application-specific-mobile-phase-kits/vinegar-fermentation-analysis-kit,/documents/products/application-specific-mobile-phase-kits/vinegar-fermentation-analysis-kit/LANCHROM-vinegar-fermentation-analysis-kit-TDS.pdf,/documents/products/application-specific-mobile-phase-kits/vinegar-fermentation-analysis-kit/LANCHROM-vinegar-fermentation-analysis-kit-Specification.pdf
Soy Sauce Fermentation Analysis Kit,,Ready-to-Use Solutions,Application-Specific Mobile Phase Kits,/products/application-specific-mobile-phase-kits/soy-sauce-fermentation-analysis-kit,/documents/products/application-specific-mobile-phase-kits/soy-sauce-fermentation-analysis-kit/LANCHROM-soy-sauce-fermentation-analysis-kit-TDS.pdf,/documents/products/application-specific-mobile-phase-kits/soy-sauce-fermentation-analysis-kit/LANCHROM-soy-sauce-fermentation-analysis-kit-Specification.pdf
Antibiotic Fermentation Analysis Kit,,Ready-to-Use Solutions,Application-Specific Mobile Phase Kits,/products/application-specific-mobile-phase-kits/antibiotic-fermentation-analysis-kit,/documents/products/application-specific-mobile-phase-kits/antibiotic-fermentation-analysis-kit/LANCHROM-antibiotic-fermentation-analysis-kit-TDS.pdf,/documents/products/application-specific-mobile-phase-kits/antibiotic-fermentation-analysis-kit/LANCHROM-antibiotic-fermentation-analysis-kit-Specification.pdf
PHA/Lactic Acid Bio-Material Analysis Kit,,Ready-to-Use Solutions,Application-Specific Mobile Phase Kits,/products/application-specific-mobile-phase-kits/pha-lactic-acid-bio-material-analysis-kit,/documents/products/application-specific-mobile-phase-kits/pha-lactic-acid-bio-material-analysis-kit/LANCHROM-pha-lactic-acid-bio-material-analysis-kit-TDS.pdf,/documents/products/application-specific-mobile-phase-kits/pha-lactic-acid-bio-material-analysis-kit/LANCHROM-pha-lactic-acid-bio-material-analysis-kit-Specification.pdf
"ICP Multi-Element Standard (23 elements, 10mg/L)",,Reference Standards & Analytical Reagents,Elemental & Ionic Standards,/products/elemental-ionic-standards/icp-multi-element-standard-23-elements-10mg-l,/documents/products/elemental-ionic-standards/icp-multi-element-standard-23-elements-10mg-l/LANCHROM-icp-multi-element-standard-23-elements-10mg-l-TDS.pdf,/documents/products/elemental-ionic-standards/icp-multi-element-standard-23-elements-10mg-l/LANCHROM-icp-multi-element-standard-23-elements-10mg-l-Specification.pdf
"ICP Multi-Element Standard (23 elements, 100mg/L)",,Reference Standards & Analytical Reagents,Elemental & Ionic Standards,/products/elemental-ionic-standards/icp-multi-element-standard-23-elements-100mg-l,/documents/products/elemental-ionic-standards/icp-multi-element-standard-23-elements-100mg-l/LANCHROM-icp-multi-element-standard-23-elements-100mg-l-TDS.pdf,/documents/products/elemental-ionic-standards/icp-multi-element-standard-23-elements-100mg-l/LANCHROM-icp-multi-element-standard-23-elements-100mg-l-Specification.pdf
AAS Single-Element Standards (1000mg/L),,Reference Standards & Analytical Reagents,Elemental & Ionic Standards,/products/elemental-ionic-standards/aas-single-element-standards-1000mg-l,/documents/products/elemental-ionic-standards/aas-single-element-standards-1000mg-l/LANCHROM-aas-single-element-standards-1000mg-l-TDS.pdf,/documents/products/elemental-ionic-standards/aas-single-element-standards-1000mg-l/LANCHROM-aas-single-element-standards-1000mg-l-Specification.pdf
Anion Standard Mix (F⁻/Cl⁻/NO₃⁻/SO₄²⁻),,Reference Standards & Analytical Reagents,Elemental & Ionic Standards,/products/elemental-ionic-standards/anion-standard-mix-f-cl-no-so,/documents/products/elemental-ionic-standards/anion-standard-mix-f-cl-no-so/LANCHROM-anion-standard-mix-f-cl-no-so-TDS.pdf,/documents/products/elemental-ionic-standards/anion-standard-mix-f-cl-no-so/LANCHROM-anion-standard-mix-f-cl-no-so-Specification.pdf
pH 4.00 Buffer Standard,,Reference Standards & Analytical Reagents,Physicochemical Calibration Standards,/products/physicochemical-calibration-standards/ph-4-00-buffer-standard,/documents/products/physicochemical-calibration-standards/ph-4-00-buffer-standard/LANCHROM-ph-4-00-buffer-standard-TDS.pdf,/documents/products/physicochemical-calibration-standards/ph-4-00-buffer-standard/LANCHROM-ph-4-00-buffer-standard-Specification.pdf
pH 6.86 Buffer Standard,,Reference Standards & Analytical Reagents,Physicochemical Calibration Standards,/products/physicochemical-calibration-standards/ph-6-86-buffer-standard,/documents/products/physicochemical-calibration-standards/ph-6-86-buffer-standard/LANCHROM-ph-6-86-buffer-standard-TDS.pdf,/documents/products/physicochemical-calibration-standards/ph-6-86-buffer-standard/LANCHROM-ph-6-86-buffer-standard-Specification.pdf
pH 7.00 Buffer Standard,,Reference Standards & Analytical Reagents,Physicochemical Calibration Standards,/products/physicochemical-calibration-standards/ph-7-00-buffer-standard,/documents/products/physicochemical-calibration-standards/ph-7-00-buffer-standard/LANCHROM-ph-7-00-buffer-standard-TDS.pdf,/documents/products/physicochemical-calibration-standards/ph-7-00-buffer-standard/LANCHROM-ph-7-00-buffer-standard-Specification.pdf
pH 9.18 Buffer Standard,,Reference Standards & Analytical Reagents,Physicochemical Calibration Standards,/products/physicochemical-calibration-standards/ph-9-18-buffer-standard,/documents/products/physicochemical-calibration-standards/ph-9-18-buffer-standard/LANCHROM-ph-9-18-buffer-standard-TDS.pdf,/documents/products/physicochemical-calibration-standards/ph-9-18-buffer-standard/LANCHROM-ph-9-18-buffer-standard-Specification.pdf
Conductivity Standard 84 μS/cm,,Reference Standards & Analytical Reagents,Physicochemical Calibration Standards,/products/physicochemical-calibration-standards/conductivity-standard-84-s-cm,/documents/products/physicochemical-calibration-standards/conductivity-standard-84-s-cm/LANCHROM-conductivity-standard-84-s-cm-TDS.pdf,/documents/products/physicochemical-calibration-standards/conductivity-standard-84-s-cm/LANCHROM-conductivity-standard-84-s-cm-Specification.pdf
Conductivity Standard 1413 μS/cm,,Reference Standards & Analytical Reagents,Physicochemical Calibration Standards,/products/physicochemical-calibration-standards/conductivity-standard-1413-s-cm,/documents/products/physicochemical-calibration-standards/conductivity-standard-1413-s-cm/LANCHROM-conductivity-standard-1413-s-cm-TDS.pdf,/documents/products/physicochemical-calibration-standards/conductivity-standard-1413-s-cm/LANCHROM-conductivity-standard-1413-s-cm-Specification.pdf
NaOH Standard Solution 0.1mol/L,,Reference Standards & Analytical Reagents,Volumetric & Titration Standards,/products/volumetric-titration-standards/naoh-standard-solution-0-1mol-l,/documents/products/volumetric-titration-standards/naoh-standard-solution-0-1mol-l/LANCHROM-naoh-standard-solution-0-1mol-l-TDS.pdf,/documents/products/volumetric-titration-standards/naoh-standard-solution-0-1mol-l/LANCHROM-naoh-standard-solution-0-1mol-l-Specification.pdf
HCl Standard Solution 0.1mol/L,,Reference Standards & Analytical Reagents,Volumetric & Titration Standards,/products/volumetric-titration-standards/hcl-standard-solution-0-1mol-l,/documents/products/volumetric-titration-standards/hcl-standard-solution-0-1mol-l/LANCHROM-hcl-standard-solution-0-1mol-l-TDS.pdf,/documents/products/volumetric-titration-standards/hcl-standard-solution-0-1mol-l/LANCHROM-hcl-standard-solution-0-1mol-l-Specification.pdf
EDTA Standard Solution 0.01mol/L,,Reference Standards & Analytical Reagents,Volumetric & Titration Standards,/products/volumetric-titration-standards/edta-standard-solution-0-01mol-l,/documents/products/volumetric-titration-standards/edta-standard-solution-0-01mol-l/LANCHROM-edta-standard-solution-0-01mol-l-TDS.pdf,/documents/products/volumetric-titration-standards/edta-standard-solution-0-01mol-l/LANCHROM-edta-standard-solution-0-01mol-l-Specification.pdf
KMnO₄ Standard Solution 0.02mol/L,,Reference Standards & Analytical Reagents,Volumetric & Titration Standards,/products/volumetric-titration-standards/kmno-standard-solution-0-02mol-l,/documents/products/volumetric-titration-standards/kmno-standard-solution-0-02mol-l/LANCHROM-kmno-standard-solution-0-02mol-l-TDS.pdf,/documents/products/volumetric-titration-standards/kmno-standard-solution-0-02mol-l/LANCHROM-kmno-standard-solution-0-02mol-l-Specification.pdf
AgNO₃ Standard Solution 0.1mol/L,,Reference Standards & Analytical Reagents,Volumetric & Titration Standards,/products/volumetric-titration-standards/agno-standard-solution-0-1mol-l,/documents/products/volumetric-titration-standards/agno-standard-solution-0-1mol-l/LANCHROM-agno-standard-solution-0-1mol-l-TDS.pdf,/documents/products/volumetric-titration-standards/agno-standard-solution-0-1mol-l/LANCHROM-agno-standard-solution-0-1mol-l-Specification.pdf
UV-Vis Wavelength Calibration Solution,,Reference Standards & Analytical Reagents,Physicochemical Calibration Standards,/products/physicochemical-calibration-standards/uv-vis-wavelength-calibration-solution,/documents/products/physicochemical-calibration-standards/uv-vis-wavelength-calibration-solution/LANCHROM-uv-vis-wavelength-calibration-solution-TDS.pdf,/documents/products/physicochemical-calibration-standards/uv-vis-wavelength-calibration-solution/LANCHROM-uv-vis-wavelength-calibration-solution-Specification.pdf
TOC Standard Solution,,Reference Standards & Analytical Reagents,Physicochemical Calibration Standards,/products/physicochemical-calibration-standards/toc-standard-solution,/documents/products/physicochemical-calibration-standards/toc-standard-solution/LANCHROM-toc-standard-solution-TDS.pdf,/documents/products/physicochemical-calibration-standards/toc-standard-solution/LANCHROM-toc-standard-solution-Specification.pdf
Turbidity Standard (Formazin),,Reference Standards & Analytical Reagents,Physicochemical Calibration Standards,/products/physicochemical-calibration-standards/turbidity-standard-formazin,/documents/products/physicochemical-calibration-standards/turbidity-standard-formazin/LANCHROM-turbidity-standard-formazin-TDS.pdf,/documents/products/physicochemical-calibration-standards/turbidity-standard-formazin/LANCHROM-turbidity-standard-formazin-Specification.pdf
LC-MS Mobile Phase Kit,,Life Science & Workflow Kits,Laboratory Workflow Kits,/products/laboratory-workflow-kits/lc-ms-mobile-phase-kit,/documents/products/laboratory-workflow-kits/lc-ms-mobile-phase-kit/LANCHROM-lc-ms-mobile-phase-kit-TDS.pdf,/documents/products/laboratory-workflow-kits/lc-ms-mobile-phase-kit/LANCHROM-lc-ms-mobile-phase-kit-Specification.pdf
Organic Acid Detection 7L Bag Kit,,Life Science & Workflow Kits,Laboratory Workflow Kits,/products/laboratory-workflow-kits/organic-acid-detection-7l-bag-kit,/documents/products/laboratory-workflow-kits/organic-acid-detection-7l-bag-kit/LANCHROM-organic-acid-detection-7l-bag-kit-TDS.pdf,/documents/products/laboratory-workflow-kits/organic-acid-detection-7l-bag-kit/LANCHROM-organic-acid-detection-7l-bag-kit-Specification.pdf
Sugar + Organic Acid Full Analysis Kit,,Life Science & Workflow Kits,Laboratory Workflow Kits,/products/laboratory-workflow-kits/sugar-organic-acid-full-analysis-kit,/documents/products/laboratory-workflow-kits/sugar-organic-acid-full-analysis-kit/LANCHROM-sugar-organic-acid-full-analysis-kit-TDS.pdf,/documents/products/laboratory-workflow-kits/sugar-organic-acid-full-analysis-kit/LANCHROM-sugar-organic-acid-full-analysis-kit-Specification.pdf
Pesticide Residue Solvent Kit,,Life Science & Workflow Kits,Laboratory Workflow Kits,/products/laboratory-workflow-kits/pesticide-residue-solvent-kit,/documents/products/laboratory-workflow-kits/pesticide-residue-solvent-kit/LANCHROM-pesticide-residue-solvent-kit-TDS.pdf,/documents/products/laboratory-workflow-kits/pesticide-residue-solvent-kit/LANCHROM-pesticide-residue-solvent-kit-Specification.pdf
TLC Analysis Starter Kit,,Life Science & Workflow Kits,Laboratory Workflow Kits,/products/laboratory-workflow-kits/tlc-analysis-starter-kit,/documents/products/laboratory-workflow-kits/tlc-analysis-starter-kit/LANCHROM-tlc-analysis-starter-kit-TDS.pdf,/documents/products/laboratory-workflow-kits/tlc-analysis-starter-kit/LANCHROM-tlc-analysis-starter-kit-Specification.pdf
Trace Metal Analysis Kit (ICP),,Life Science & Workflow Kits,Laboratory Workflow Kits,/products/laboratory-workflow-kits/trace-metal-analysis-kit-icp,/documents/products/laboratory-workflow-kits/trace-metal-analysis-kit-icp/LANCHROM-trace-metal-analysis-kit-icp-TDS.pdf,/documents/products/laboratory-workflow-kits/trace-metal-analysis-kit-icp/LANCHROM-trace-metal-analysis-kit-icp-Specification.pdf
Karl Fischer Moisture Kit,,Life Science & Workflow Kits,Laboratory Workflow Kits,/products/laboratory-workflow-kits/karl-fischer-moisture-kit,/documents/products/laboratory-workflow-kits/karl-fischer-moisture-kit/LANCHROM-karl-fischer-moisture-kit-TDS.pdf,/documents/products/laboratory-workflow-kits/karl-fischer-moisture-kit/LANCHROM-karl-fischer-moisture-kit-Specification.pdf
GMP Disinfection Solvent Kit,,Life Science & Workflow Kits,Laboratory Workflow Kits,/products/laboratory-workflow-kits/gmp-disinfection-solvent-kit,/documents/products/laboratory-workflow-kits/gmp-disinfection-solvent-kit/LANCHROM-gmp-disinfection-solvent-kit-TDS.pdf,/documents/products/laboratory-workflow-kits/gmp-disinfection-solvent-kit/LANCHROM-gmp-disinfection-solvent-kit-Specification.pdf
Cell Cryopreservation Kit (DMSO),,Life Science & Workflow Kits,Laboratory Workflow Kits,/products/laboratory-workflow-kits/cell-cryopreservation-kit-dmso,/documents/products/laboratory-workflow-kits/cell-cryopreservation-kit-dmso/LANCHROM-cell-cryopreservation-kit-dmso-TDS.pdf,/documents/products/laboratory-workflow-kits/cell-cryopreservation-kit-dmso/LANCHROM-cell-cryopreservation-kit-dmso-Specification.pdf
Lactic Acid Fermentation Monitoring Kit,,Life Science & Workflow Kits,Laboratory Workflow Kits,/products/laboratory-workflow-kits/lactic-acid-fermentation-monitoring-kit,/documents/products/laboratory-workflow-kits/lactic-acid-fermentation-monitoring-kit/LANCHROM-lactic-acid-fermentation-monitoring-kit-TDS.pdf,/documents/products/laboratory-workflow-kits/lactic-acid-fermentation-monitoring-kit/LANCHROM-lactic-acid-fermentation-monitoring-kit-Specification.pdf
Wine Analysis Full Kit,,Life Science & Workflow Kits,Laboratory Workflow Kits,/products/laboratory-workflow-kits/wine-analysis-full-kit,/documents/products/laboratory-workflow-kits/wine-analysis-full-kit/LANCHROM-wine-analysis-full-kit-TDS.pdf,/documents/products/laboratory-workflow-kits/wine-analysis-full-kit/LANCHROM-wine-analysis-full-kit-Specification.pdf
Dairy Fermentation QC Kit,,Life Science & Workflow Kits,Laboratory Workflow Kits,/products/laboratory-workflow-kits/dairy-fermentation-qc-kit,/documents/products/laboratory-workflow-kits/dairy-fermentation-qc-kit/LANCHROM-dairy-fermentation-qc-kit-TDS.pdf,/documents/products/laboratory-workflow-kits/dairy-fermentation-qc-kit/LANCHROM-dairy-fermentation-qc-kit-Specification.pdf
Amino Acid Fermentation Analysis Kit,,Life Science & Workflow Kits,Laboratory Workflow Kits,/products/laboratory-workflow-kits/amino-acid-fermentation-analysis-kit,/documents/products/laboratory-workflow-kits/amino-acid-fermentation-analysis-kit/LANCHROM-amino-acid-fermentation-analysis-kit-TDS.pdf,/documents/products/laboratory-workflow-kits/amino-acid-fermentation-analysis-kit/LANCHROM-amino-acid-fermentation-analysis-kit-Specification.pdf
Silica Gel G TLC Plates (20×20cm),,Chromatography & Sample Preparation,TLC / HPTLC Products,/products/tlc-hptlc-products/silica-gel-g-tlc-plates-20-20cm,/documents/products/tlc-hptlc-products/silica-gel-g-tlc-plates-20-20cm/LANCHROM-silica-gel-g-tlc-plates-20-20cm-TDS.pdf,/documents/products/tlc-hptlc-products/silica-gel-g-tlc-plates-20-20cm/LANCHROM-silica-gel-g-tlc-plates-20-20cm-Specification.pdf
HPTLC Plates (10×10cm),,Chromatography & Sample Preparation,TLC / HPTLC Products,/products/tlc-hptlc-products/hptlc-plates-10-10cm,/documents/products/tlc-hptlc-products/hptlc-plates-10-10cm/LANCHROM-hptlc-plates-10-10cm-TDS.pdf,/documents/products/tlc-hptlc-products/hptlc-plates-10-10cm/LANCHROM-hptlc-plates-10-10cm-Specification.pdf
Reverse Phase C18 TLC Plates,,Chromatography & Sample Preparation,SPE & Sample Cleanup,/products/spe-sample-cleanup/reverse-phase-c18-tlc-plates,/documents/products/spe-sample-cleanup/reverse-phase-c18-tlc-plates/LANCHROM-reverse-phase-c18-tlc-plates-TDS.pdf,/documents/products/spe-sample-cleanup/reverse-phase-c18-tlc-plates/LANCHROM-reverse-phase-c18-tlc-plates-Specification.pdf
Preparative PLC Plates (1mm thick),,Chromatography & Sample Preparation,TLC / HPTLC Products,/products/tlc-hptlc-products/preparative-plc-plates-1mm-thick,/documents/products/tlc-hptlc-products/preparative-plc-plates-1mm-thick/LANCHROM-preparative-plc-plates-1mm-thick-TDS.pdf,/documents/products/tlc-hptlc-products/preparative-plc-plates-1mm-thick/LANCHROM-preparative-plc-plates-1mm-thick-Specification.pdf
TLC Staining Reagent Set,,Chromatography & Sample Preparation,TLC / HPTLC Products,/products/tlc-hptlc-products/tlc-staining-reagent-set,/documents/products/tlc-hptlc-products/tlc-staining-reagent-set/LANCHROM-tlc-staining-reagent-set-TDS.pdf,/documents/products/tlc-hptlc-products/tlc-staining-reagent-set/LANCHROM-tlc-staining-reagent-set-Specification.pdf
C18 SPE Cartridge (500mg/6mL),,Chromatography & Sample Preparation,SPE & Sample Cleanup,/products/spe-sample-cleanup/c18-spe-cartridge-500mg-6ml,/documents/products/spe-sample-cleanup/c18-spe-cartridge-500mg-6ml/LANCHROM-c18-spe-cartridge-500mg-6ml-TDS.pdf,/documents/products/spe-sample-cleanup/c18-spe-cartridge-500mg-6ml/LANCHROM-c18-spe-cartridge-500mg-6ml-Specification.pdf
C8 SPE Cartridge (200mg/3mL),,Chromatography & Sample Preparation,SPE & Sample Cleanup,/products/spe-sample-cleanup/c8-spe-cartridge-200mg-3ml,/documents/products/spe-sample-cleanup/c8-spe-cartridge-200mg-3ml/LANCHROM-c8-spe-cartridge-200mg-3ml-TDS.pdf,/documents/products/spe-sample-cleanup/c8-spe-cartridge-200mg-3ml/LANCHROM-c8-spe-cartridge-200mg-3ml-Specification.pdf
NH₂ SPE Cartridge (500mg/6mL),,Chromatography & Sample Preparation,SPE & Sample Cleanup,/products/spe-sample-cleanup/nh-spe-cartridge-500mg-6ml,/documents/products/spe-sample-cleanup/nh-spe-cartridge-500mg-6ml/LANCHROM-nh-spe-cartridge-500mg-6ml-TDS.pdf,/documents/products/spe-sample-cleanup/nh-spe-cartridge-500mg-6ml/LANCHROM-nh-spe-cartridge-500mg-6ml-Specification.pdf
SAX SPE Cartridge (500mg/6mL),,Chromatography & Sample Preparation,SPE & Sample Cleanup,/products/spe-sample-cleanup/sax-spe-cartridge-500mg-6ml,/documents/products/spe-sample-cleanup/sax-spe-cartridge-500mg-6ml/LANCHROM-sax-spe-cartridge-500mg-6ml-TDS.pdf,/documents/products/spe-sample-cleanup/sax-spe-cartridge-500mg-6ml/LANCHROM-sax-spe-cartridge-500mg-6ml-Specification.pdf
SCX SPE Cartridge (500mg/6mL),,Chromatography & Sample Preparation,SPE & Sample Cleanup,/products/spe-sample-cleanup/scx-spe-cartridge-500mg-6ml,/documents/products/spe-sample-cleanup/scx-spe-cartridge-500mg-6ml/LANCHROM-scx-spe-cartridge-500mg-6ml-TDS.pdf,/documents/products/spe-sample-cleanup/scx-spe-cartridge-500mg-6ml/LANCHROM-scx-spe-cartridge-500mg-6ml-Specification.pdf
HLB SPE Cartridge (200mg/6mL),,Chromatography & Sample Preparation,SPE & Sample Cleanup,/products/spe-sample-cleanup/hlb-spe-cartridge-200mg-6ml,/documents/products/spe-sample-cleanup/hlb-spe-cartridge-200mg-6ml/LANCHROM-hlb-spe-cartridge-200mg-6ml-TDS.pdf,/documents/products/spe-sample-cleanup/hlb-spe-cartridge-200mg-6ml/LANCHROM-hlb-spe-cartridge-200mg-6ml-Specification.pdf
MAX Mixed Anion SPE (150mg/6mL),,Chromatography & Sample Preparation,SPE & Sample Cleanup,/products/spe-sample-cleanup/max-mixed-anion-spe-150mg-6ml,/documents/products/spe-sample-cleanup/max-mixed-anion-spe-150mg-6ml/LANCHROM-max-mixed-anion-spe-150mg-6ml-TDS.pdf,/documents/products/spe-sample-cleanup/max-mixed-anion-spe-150mg-6ml/LANCHROM-max-mixed-anion-spe-150mg-6ml-Specification.pdf
MCX Mixed Cation SPE (150mg/6mL),,Chromatography & Sample Preparation,SPE & Sample Cleanup,/products/spe-sample-cleanup/mcx-mixed-cation-spe-150mg-6ml,/documents/products/spe-sample-cleanup/mcx-mixed-cation-spe-150mg-6ml/LANCHROM-mcx-mixed-cation-spe-150mg-6ml-TDS.pdf,/documents/products/spe-sample-cleanup/mcx-mixed-cation-spe-150mg-6ml/LANCHROM-mcx-mixed-cation-spe-150mg-6ml-Specification.pdf
QuEChERS Cleanup Salt Pack (15mL),,Chromatography & Sample Preparation,SPE & Sample Cleanup,/products/spe-sample-cleanup/quechers-cleanup-salt-pack-15ml,/documents/products/spe-sample-cleanup/quechers-cleanup-salt-pack-15ml/LANCHROM-quechers-cleanup-salt-pack-15ml-TDS.pdf,/documents/products/spe-sample-cleanup/quechers-cleanup-salt-pack-15ml/LANCHROM-quechers-cleanup-salt-pack-15ml-Specification.pdf
Immunoaffinity Column (Aflatoxin),,Chromatography & Sample Preparation,SPE & Sample Cleanup,/products/spe-sample-cleanup/immunoaffinity-column-aflatoxin,/documents/products/spe-sample-cleanup/immunoaffinity-column-aflatoxin/LANCHROM-immunoaffinity-column-aflatoxin-TDS.pdf,/documents/products/spe-sample-cleanup/immunoaffinity-column-aflatoxin/LANCHROM-immunoaffinity-column-aflatoxin-Specification.pdf
KF Volumetric Reagent (One-Component),,Reference Standards & Analytical Reagents,Karl Fischer Reagents,/products/karl-fischer-reagents/kf-volumetric-reagent-one-component,/documents/products/karl-fischer-reagents/kf-volumetric-reagent-one-component/LANCHROM-kf-volumetric-reagent-one-component-TDS.pdf,/documents/products/karl-fischer-reagents/kf-volumetric-reagent-one-component/LANCHROM-kf-volumetric-reagent-one-component-Specification.pdf
KF Volumetric Reagent (Two-Component Solvent),,Reference Standards & Analytical Reagents,Karl Fischer Reagents,/products/karl-fischer-reagents/kf-volumetric-reagent-two-component-solvent,/documents/products/karl-fischer-reagents/kf-volumetric-reagent-two-component-solvent/LANCHROM-kf-volumetric-reagent-two-component-solvent-TDS.pdf,/documents/products/karl-fischer-reagents/kf-volumetric-reagent-two-component-solvent/LANCHROM-kf-volumetric-reagent-two-component-solvent-Specification.pdf
KF Volumetric Reagent (Two-Component Titrant),,Reference Standards & Analytical Reagents,Karl Fischer Reagents,/products/karl-fischer-reagents/kf-volumetric-reagent-two-component-titrant,/documents/products/karl-fischer-reagents/kf-volumetric-reagent-two-component-titrant/LANCHROM-kf-volumetric-reagent-two-component-titrant-TDS.pdf,/documents/products/karl-fischer-reagents/kf-volumetric-reagent-two-component-titrant/LANCHROM-kf-volumetric-reagent-two-component-titrant-Specification.pdf
KF Coulometric Anolyte,,Reference Standards & Analytical Reagents,Karl Fischer Reagents,/products/karl-fischer-reagents/kf-coulometric-anolyte,/documents/products/karl-fischer-reagents/kf-coulometric-anolyte/LANCHROM-kf-coulometric-anolyte-TDS.pdf,/documents/products/karl-fischer-reagents/kf-coulometric-anolyte/LANCHROM-kf-coulometric-anolyte-Specification.pdf
KF Coulometric Catholyte,,Reference Standards & Analytical Reagents,Karl Fischer Reagents,/products/karl-fischer-reagents/kf-coulometric-catholyte,/documents/products/karl-fischer-reagents/kf-coulometric-catholyte/LANCHROM-kf-coulometric-catholyte-TDS.pdf,/documents/products/karl-fischer-reagents/kf-coulometric-catholyte/LANCHROM-kf-coulometric-catholyte-Specification.pdf
KF Water Standard 1.0 mg/g,,Reference Standards & Analytical Reagents,Karl Fischer Reagents,/products/karl-fischer-reagents/kf-water-standard-1-0-mg-g,/documents/products/karl-fischer-reagents/kf-water-standard-1-0-mg-g/LANCHROM-kf-water-standard-1-0-mg-g-TDS.pdf,/documents/products/karl-fischer-reagents/kf-water-standard-1-0-mg-g/LANCHROM-kf-water-standard-1-0-mg-g-Specification.pdf
Chloroform-d (CDCl₃) ≥99.8%D,865-49-6,High-Purity Solvents & Chemicals,Deuterated NMR Solvents,/products/deuterated-nmr-solvents/chloroform-d-cdcl-99-8-d,/documents/products/deuterated-nmr-solvents/chloroform-d-cdcl-99-8-d/LANCHROM-chloroform-d-cdcl-99-8-d-TDS.pdf,/documents/products/deuterated-nmr-solvents/chloroform-d-cdcl-99-8-d/LANCHROM-chloroform-d-cdcl-99-8-d-Specification.pdf
DMSO-d6 ≥99.9%D,2206-27-1,High-Purity Solvents & Chemicals,Deuterated NMR Solvents,/products/deuterated-nmr-solvents/dmso-d6-99-9-d,/documents/products/deuterated-nmr-solvents/dmso-d6-99-9-d/LANCHROM-dmso-d6-99-9-d-TDS.pdf,/documents/products/deuterated-nmr-solvents/dmso-d6-99-9-d/LANCHROM-dmso-d6-99-9-d-Specification.pdf
D₂O (Deuterium Oxide) ≥99.9%D,7789-20-0,High-Purity Solvents & Chemicals,Deuterated NMR Solvents,/products/deuterated-nmr-solvents/d-o-deuterium-oxide-99-9-d,/documents/products/deuterated-nmr-solvents/d-o-deuterium-oxide-99-9-d/LANCHROM-d-o-deuterium-oxide-99-9-d-TDS.pdf,/documents/products/deuterated-nmr-solvents/d-o-deuterium-oxide-99-9-d/LANCHROM-d-o-deuterium-oxide-99-9-d-Specification.pdf
Methanol-d4 (CD₃OD) ≥99.8%D,811-98-3,High-Purity Solvents & Chemicals,Deuterated NMR Solvents,/products/deuterated-nmr-solvents/methanol-d4-cd-od-99-8-d,/documents/products/deuterated-nmr-solvents/methanol-d4-cd-od-99-8-d/LANCHROM-methanol-d4-cd-od-99-8-d-TDS.pdf,/documents/products/deuterated-nmr-solvents/methanol-d4-cd-od-99-8-d/LANCHROM-methanol-d4-cd-od-99-8-d-Specification.pdf
Acetone-d6 ≥99.5%D,666-52-4,High-Purity Solvents & Chemicals,Deuterated NMR Solvents,/products/deuterated-nmr-solvents/acetone-d6-99-5-d,/documents/products/deuterated-nmr-solvents/acetone-d6-99-5-d/LANCHROM-acetone-d6-99-5-d-TDS.pdf,/documents/products/deuterated-nmr-solvents/acetone-d6-99-5-d/LANCHROM-acetone-d6-99-5-d-Specification.pdf
Benzene-d6 (C₆D₆) ≥99.6%D,1076-43-3,High-Purity Solvents & Chemicals,Deuterated NMR Solvents,/products/deuterated-nmr-solvents/benzene-d6-c-d-99-6-d,/documents/products/deuterated-nmr-solvents/benzene-d6-c-d-99-6-d/LANCHROM-benzene-d6-c-d-99-6-d-TDS.pdf,/documents/products/deuterated-nmr-solvents/benzene-d6-c-d-99-6-d/LANCHROM-benzene-d6-c-d-99-6-d-Specification.pdf
Acetonitrile-d3 (CD₃CN) ≥99.8%D,2206-26-0,High-Purity Solvents & Chemicals,Deuterated NMR Solvents,/products/deuterated-nmr-solvents/acetonitrile-d3-cd-cn-99-8-d,/documents/products/deuterated-nmr-solvents/acetonitrile-d3-cd-cn-99-8-d/LANCHROM-acetonitrile-d3-cd-cn-99-8-d-TDS.pdf,/documents/products/deuterated-nmr-solvents/acetonitrile-d3-cd-cn-99-8-d/LANCHROM-acetonitrile-d3-cd-cn-99-8-d-Specification.pdf
DCM-d2 (CD₂Cl₂) ≥99.8%D,1665-00-5,High-Purity Solvents & Chemicals,Deuterated NMR Solvents,/products/deuterated-nmr-solvents/dcm-d2-cd-cl-99-8-d,/documents/products/deuterated-nmr-solvents/dcm-d2-cd-cl-99-8-d/LANCHROM-dcm-d2-cd-cl-99-8-d-TDS.pdf,/documents/products/deuterated-nmr-solvents/dcm-d2-cd-cl-99-8-d/LANCHROM-dcm-d2-cd-cl-99-8-d-Specification.pdf
NMR Deuterated Solvent Starter Set (8 solvents),,High-Purity Solvents & Chemicals,Deuterated NMR Solvents,/products/deuterated-nmr-solvents/nmr-deuterated-solvent-starter-set-8-solvents,/documents/products/deuterated-nmr-solvents/nmr-deuterated-solvent-starter-set-8-solvents/LANCHROM-nmr-deuterated-solvent-starter-set-8-solvents-TDS.pdf,/documents/products/deuterated-nmr-solvents/nmr-deuterated-solvent-starter-set-8-solvents/LANCHROM-nmr-deuterated-solvent-starter-set-8-solvents-Specification.pdf
Dehydrated Culture Media (General Purpose),,Life Science & Workflow Kits,Microbiology & Environmental Monitoring,/products/microbiology-environmental-monitoring/dehydrated-culture-media-general-purpose,/documents/products/microbiology-environmental-monitoring/dehydrated-culture-media-general-purpose/LANCHROM-dehydrated-culture-media-general-purpose-TDS.pdf,/documents/products/microbiology-environmental-monitoring/dehydrated-culture-media-general-purpose/LANCHROM-dehydrated-culture-media-general-purpose-Specification.pdf
Cleanroom Environmental Monitoring Plates,,Life Science & Workflow Kits,Microbiology & Environmental Monitoring,/products/microbiology-environmental-monitoring/cleanroom-environmental-monitoring-plates,/documents/products/microbiology-environmental-monitoring/cleanroom-environmental-monitoring-plates/LANCHROM-cleanroom-environmental-monitoring-plates-TDS.pdf,/documents/products/microbiology-environmental-monitoring/cleanroom-environmental-monitoring-plates/LANCHROM-cleanroom-environmental-monitoring-plates-Specification.pdf
Ready-Poured Agar Plates (TSA),,Life Science & Workflow Kits,Microbiology & Environmental Monitoring,/products/microbiology-environmental-monitoring/ready-poured-agar-plates-tsa,/documents/products/microbiology-environmental-monitoring/ready-poured-agar-plates-tsa/LANCHROM-ready-poured-agar-plates-tsa-TDS.pdf,/documents/products/microbiology-environmental-monitoring/ready-poured-agar-plates-tsa/LANCHROM-ready-poured-agar-plates-tsa-Specification.pdf
Chromogenic Media (Pathogen ID),,Life Science & Workflow Kits,Microbiology & Environmental Monitoring,/products/microbiology-environmental-monitoring/chromogenic-media-pathogen-id,/documents/products/microbiology-environmental-monitoring/chromogenic-media-pathogen-id/LANCHROM-chromogenic-media-pathogen-id-TDS.pdf,/documents/products/microbiology-environmental-monitoring/chromogenic-media-pathogen-id/LANCHROM-chromogenic-media-pathogen-id-Specification.pdf
ATP Hygiene Rapid Test Kit,,Life Science & Workflow Kits,Microbiology & Environmental Monitoring,/products/microbiology-environmental-monitoring/atp-hygiene-rapid-test-kit,/documents/products/microbiology-environmental-monitoring/atp-hygiene-rapid-test-kit/LANCHROM-atp-hygiene-rapid-test-kit-TDS.pdf,/documents/products/microbiology-environmental-monitoring/atp-hygiene-rapid-test-kit/LANCHROM-atp-hygiene-rapid-test-kit-Specification.pdf
Molecular Sieve 3A/4A/5A,,"Pharmaceutical, Food & Laboratory Materials",Laboratory & Process Materials,/products/laboratory-process-materials/molecular-sieve-3a-4a-5a,/documents/products/laboratory-process-materials/molecular-sieve-3a-4a-5a/LANCHROM-molecular-sieve-3a-4a-5a-TDS.pdf,/documents/products/laboratory-process-materials/molecular-sieve-3a-4a-5a/LANCHROM-molecular-sieve-3a-4a-5a-Specification.pdf
Diatomaceous Earth (Celite),,"Pharmaceutical, Food & Laboratory Materials",Laboratory & Process Materials,/products/laboratory-process-materials/diatomaceous-earth-celite,/documents/products/laboratory-process-materials/diatomaceous-earth-celite/LANCHROM-diatomaceous-earth-celite-TDS.pdf,/documents/products/laboratory-process-materials/diatomaceous-earth-celite/LANCHROM-diatomaceous-earth-celite-Specification.pdf
Kjeldahl Tablets,,"Pharmaceutical, Food & Laboratory Materials",Laboratory & Process Materials,/products/laboratory-process-materials/kjeldahl-tablets,/documents/products/laboratory-process-materials/kjeldahl-tablets/LANCHROM-kjeldahl-tablets-TDS.pdf,/documents/products/laboratory-process-materials/kjeldahl-tablets/LANCHROM-kjeldahl-tablets-Specification.pdf
Ion Exchange Resin,,"Pharmaceutical, Food & Laboratory Materials",Laboratory & Process Materials,/products/laboratory-process-materials/ion-exchange-resin,/documents/products/laboratory-process-materials/ion-exchange-resin/LANCHROM-ion-exchange-resin-TDS.pdf,/documents/products/laboratory-process-materials/ion-exchange-resin/LANCHROM-ion-exchange-resin-Specification.pdf
Nitrocellulose,,"Pharmaceutical, Food & Laboratory Materials",Laboratory & Process Materials,/products/laboratory-process-materials/nitrocellulose,/documents/products/laboratory-process-materials/nitrocellulose/LANCHROM-nitrocellulose-TDS.pdf,/documents/products/laboratory-process-materials/nitrocellulose/LANCHROM-nitrocellulose-Specification.pdf
Isopropyl Alcohol (IPA),,High-Purity Solvents & Chemicals,Pharmaceutical Grade Solvents,/products/pharmaceutical-grade-solvents/isopropyl-alcohol-ipa,/documents/products/pharmaceutical-grade-solvents/isopropyl-alcohol-ipa/LANCHROM-isopropyl-alcohol-ipa-TDS.pdf,/documents/products/pharmaceutical-grade-solvents/isopropyl-alcohol-ipa/LANCHROM-isopropyl-alcohol-ipa-Specification.pdf
Ethanol (Anhydrous/96%),,High-Purity Solvents & Chemicals,Pharmaceutical Grade Solvents,/products/pharmaceutical-grade-solvents/ethanol-anhydrous-96percent,/documents/products/pharmaceutical-grade-solvents/ethanol-anhydrous-96percent/LANCHROM-ethanol-anhydrous-96percent-TDS.pdf,/documents/products/pharmaceutical-grade-solvents/ethanol-anhydrous-96percent/LANCHROM-ethanol-anhydrous-96percent-Specification.pdf
Dimethyl Sulfoxide (DMSO),,High-Purity Solvents & Chemicals,Pharmaceutical Grade Solvents,/products/pharmaceutical-grade-solvents/dimethyl-sulfoxide-dmso,/documents/products/pharmaceutical-grade-solvents/dimethyl-sulfoxide-dmso/LANCHROM-dimethyl-sulfoxide-dmso-TDS.pdf,/documents/products/pharmaceutical-grade-solvents/dimethyl-sulfoxide-dmso/LANCHROM-dimethyl-sulfoxide-dmso-Specification.pdf
Dichloromethane (DCM),,High-Purity Solvents & Chemicals,Pharmaceutical Grade Solvents,/products/pharmaceutical-grade-solvents/dichloromethane-dcm,/documents/products/pharmaceutical-grade-solvents/dichloromethane-dcm/LANCHROM-dichloromethane-dcm-TDS.pdf,/documents/products/pharmaceutical-grade-solvents/dichloromethane-dcm/LANCHROM-dichloromethane-dcm-Specification.pdf
Propylene Glycol Methyl Ether (PGME),,High-Purity Solvents & Chemicals,Pharmaceutical Grade Solvents,/products/pharmaceutical-grade-solvents/propylene-glycol-methyl-ether-pgme,/documents/products/pharmaceutical-grade-solvents/propylene-glycol-methyl-ether-pgme/LANCHROM-propylene-glycol-methyl-ether-pgme-TDS.pdf,/documents/products/pharmaceutical-grade-solvents/propylene-glycol-methyl-ether-pgme/LANCHROM-propylene-glycol-methyl-ether-pgme-Specification.pdf
Propylene Glycol Methyl Ether Acetate (PGMEA),,High-Purity Solvents & Chemicals,Pharmaceutical Grade Solvents,/products/pharmaceutical-grade-solvents/propylene-glycol-methyl-ether-acetate-pgmea,/documents/products/pharmaceutical-grade-solvents/propylene-glycol-methyl-ether-acetate-pgmea/LANCHROM-propylene-glycol-methyl-ether-acetate-pgmea-TDS.pdf,/documents/products/pharmaceutical-grade-solvents/propylene-glycol-methyl-ether-acetate-pgmea/LANCHROM-propylene-glycol-methyl-ether-acetate-pgmea-Specification.pdf
Dimethyl Carbonate (DMC),,High-Purity Solvents & Chemicals,Pharmaceutical Grade Solvents,/products/pharmaceutical-grade-solvents/dimethyl-carbonate-dmc,/documents/products/pharmaceutical-grade-solvents/dimethyl-carbonate-dmc/LANCHROM-dimethyl-carbonate-dmc-TDS.pdf,/documents/products/pharmaceutical-grade-solvents/dimethyl-carbonate-dmc/LANCHROM-dimethyl-carbonate-dmc-Specification.pdf
Ethyl Acetate,,High-Purity Solvents & Chemicals,Pharmaceutical Grade Solvents,/products/pharmaceutical-grade-solvents/ethyl-acetate,/documents/products/pharmaceutical-grade-solvents/ethyl-acetate/LANCHROM-ethyl-acetate-TDS.pdf,/documents/products/pharmaceutical-grade-solvents/ethyl-acetate/LANCHROM-ethyl-acetate-Specification.pdf
n-Hexane,,High-Purity Solvents & Chemicals,Pharmaceutical Grade Solvents,/products/pharmaceutical-grade-solvents/n-hexane,/documents/products/pharmaceutical-grade-solvents/n-hexane/LANCHROM-n-hexane-TDS.pdf,/documents/products/pharmaceutical-grade-solvents/n-hexane/LANCHROM-n-hexane-Specification.pdf
n-Heptane,,High-Purity Solvents & Chemicals,Pharmaceutical Grade Solvents,/products/pharmaceutical-grade-solvents/n-heptane,/documents/products/pharmaceutical-grade-solvents/n-heptane/LANCHROM-n-heptane-TDS.pdf,/documents/products/pharmaceutical-grade-solvents/n-heptane/LANCHROM-n-heptane-Specification.pdf
Ethylene Glycol Ethyl Ether,,High-Purity Solvents & Chemicals,Pharmaceutical Grade Solvents,/products/pharmaceutical-grade-solvents/ethylene-glycol-ethyl-ether,/documents/products/pharmaceutical-grade-solvents/ethylene-glycol-ethyl-ether/LANCHROM-ethylene-glycol-ethyl-ether-TDS.pdf,/documents/products/pharmaceutical-grade-solvents/ethylene-glycol-ethyl-ether/LANCHROM-ethylene-glycol-ethyl-ether-Specification.pdf
IPA for HPLC,,High-Purity Solvents & Chemicals,HPLC Grade Solvents,/products/hplc-grade-solvents/ipa-for-hplc,/documents/products/hplc-grade-solvents/ipa-for-hplc/LANCHROM-ipa-for-hplc-TDS.pdf,/documents/products/hplc-grade-solvents/ipa-for-hplc/LANCHROM-ipa-for-hplc-Specification.pdf
Ethanol for HPLC,,High-Purity Solvents & Chemicals,HPLC Grade Solvents,/products/hplc-grade-solvents/ethanol-for-hplc,/documents/products/hplc-grade-solvents/ethanol-for-hplc/LANCHROM-ethanol-for-hplc-TDS.pdf,/documents/products/hplc-grade-solvents/ethanol-for-hplc/LANCHROM-ethanol-for-hplc-Specification.pdf
Methanol for HPLC,,High-Purity Solvents & Chemicals,HPLC Grade Solvents,/products/hplc-grade-solvents/methanol-for-hplc,/documents/products/hplc-grade-solvents/methanol-for-hplc/LANCHROM-methanol-for-hplc-TDS.pdf,/documents/products/hplc-grade-solvents/methanol-for-hplc/LANCHROM-methanol-for-hplc-Specification.pdf
Acetonitrile for HPLC,,High-Purity Solvents & Chemicals,HPLC Grade Solvents,/products/hplc-grade-solvents/acetonitrile-for-hplc,/documents/products/hplc-grade-solvents/acetonitrile-for-hplc/LANCHROM-acetonitrile-for-hplc-TDS.pdf,/documents/products/hplc-grade-solvents/acetonitrile-for-hplc/LANCHROM-acetonitrile-for-hplc-Specification.pdf
n-Hexane for HPLC,,High-Purity Solvents & Chemicals,HPLC Grade Solvents,/products/hplc-grade-solvents/n-hexane-for-hplc,/documents/products/hplc-grade-solvents/n-hexane-for-hplc/LANCHROM-n-hexane-for-hplc-TDS.pdf,/documents/products/hplc-grade-solvents/n-hexane-for-hplc/LANCHROM-n-hexane-for-hplc-Specification.pdf
n-Heptane for HPLC,,High-Purity Solvents & Chemicals,HPLC Grade Solvents,/products/hplc-grade-solvents/n-heptane-for-hplc,/documents/products/hplc-grade-solvents/n-heptane-for-hplc/LANCHROM-n-heptane-for-hplc-TDS.pdf,/documents/products/hplc-grade-solvents/n-heptane-for-hplc/LANCHROM-n-heptane-for-hplc-Specification.pdf
Ethyl Acetate for HPLC,,High-Purity Solvents & Chemicals,HPLC Grade Solvents,/products/hplc-grade-solvents/ethyl-acetate-for-hplc,/documents/products/hplc-grade-solvents/ethyl-acetate-for-hplc/LANCHROM-ethyl-acetate-for-hplc-TDS.pdf,/documents/products/hplc-grade-solvents/ethyl-acetate-for-hplc/LANCHROM-ethyl-acetate-for-hplc-Specification.pdf
DCM for HPLC,,High-Purity Solvents & Chemicals,HPLC Grade Solvents,/products/hplc-grade-solvents/dcm-for-hplc,/documents/products/hplc-grade-solvents/dcm-for-hplc/LANCHROM-dcm-for-hplc-TDS.pdf,/documents/products/hplc-grade-solvents/dcm-for-hplc/LANCHROM-dcm-for-hplc-Specification.pdf
THF for HPLC,,High-Purity Solvents & Chemicals,HPLC Grade Solvents,/products/hplc-grade-solvents/thf-for-hplc,/documents/products/hplc-grade-solvents/thf-for-hplc/LANCHROM-thf-for-hplc-TDS.pdf,/documents/products/hplc-grade-solvents/thf-for-hplc/LANCHROM-thf-for-hplc-Specification.pdf
Acetone for HPLC,,High-Purity Solvents & Chemicals,HPLC Grade Solvents,/products/hplc-grade-solvents/acetone-for-hplc,/documents/products/hplc-grade-solvents/acetone-for-hplc/LANCHROM-acetone-for-hplc-TDS.pdf,/documents/products/hplc-grade-solvents/acetone-for-hplc/LANCHROM-acetone-for-hplc-Specification.pdf
n-Propyl Acetate for HPLC,,High-Purity Solvents & Chemicals,HPLC Grade Solvents,/products/hplc-grade-solvents/n-propyl-acetate-for-hplc,/documents/products/hplc-grade-solvents/n-propyl-acetate-for-hplc/LANCHROM-n-propyl-acetate-for-hplc-TDS.pdf,/documents/products/hplc-grade-solvents/n-propyl-acetate-for-hplc/LANCHROM-n-propyl-acetate-for-hplc-Specification.pdf
n-Butyl Acetate for HPLC,,High-Purity Solvents & Chemicals,HPLC Grade Solvents,/products/hplc-grade-solvents/n-butyl-acetate-for-hplc,/documents/products/hplc-grade-solvents/n-butyl-acetate-for-hplc/LANCHROM-n-butyl-acetate-for-hplc-TDS.pdf,/documents/products/hplc-grade-solvents/n-butyl-acetate-for-hplc/LANCHROM-n-butyl-acetate-for-hplc-Specification.pdf
Chloroform for HPLC,,High-Purity Solvents & Chemicals,HPLC Grade Solvents,/products/hplc-grade-solvents/chloroform-for-hplc,/documents/products/hplc-grade-solvents/chloroform-for-hplc/LANCHROM-chloroform-for-hplc-TDS.pdf,/documents/products/hplc-grade-solvents/chloroform-for-hplc/LANCHROM-chloroform-for-hplc-Specification.pdf
Petroleum Ether for HPLC,,High-Purity Solvents & Chemicals,HPLC Grade Solvents,/products/hplc-grade-solvents/petroleum-ether-for-hplc,/documents/products/hplc-grade-solvents/petroleum-ether-for-hplc/LANCHROM-petroleum-ether-for-hplc-TDS.pdf,/documents/products/hplc-grade-solvents/petroleum-ether-for-hplc/LANCHROM-petroleum-ether-for-hplc-Specification.pdf
Cyclohexane for HPLC,,High-Purity Solvents & Chemicals,HPLC Grade Solvents,/products/hplc-grade-solvents/cyclohexane-for-hplc,/documents/products/hplc-grade-solvents/cyclohexane-for-hplc/LANCHROM-cyclohexane-for-hplc-TDS.pdf,/documents/products/hplc-grade-solvents/cyclohexane-for-hplc/LANCHROM-cyclohexane-for-hplc-Specification.pdf
NMP for HPLC,,High-Purity Solvents & Chemicals,HPLC Grade Solvents,/products/hplc-grade-solvents/nmp-for-hplc,/documents/products/hplc-grade-solvents/nmp-for-hplc/LANCHROM-nmp-for-hplc-TDS.pdf,/documents/products/hplc-grade-solvents/nmp-for-hplc/LANCHROM-nmp-for-hplc-Specification.pdf
DEA for HPLC,,High-Purity Solvents & Chemicals,HPLC Grade Solvents,/products/hplc-grade-solvents/dea-for-hplc,/documents/products/hplc-grade-solvents/dea-for-hplc/LANCHROM-dea-for-hplc-TDS.pdf,/documents/products/hplc-grade-solvents/dea-for-hplc/LANCHROM-dea-for-hplc-Specification.pdf
n-Hexane for GC,,High-Purity Solvents & Chemicals,GC Grade Solvents,/products/gc-grade-solvents/n-hexane-for-gc,/documents/products/gc-grade-solvents/n-hexane-for-gc/LANCHROM-n-hexane-for-gc-TDS.pdf,/documents/products/gc-grade-solvents/n-hexane-for-gc/LANCHROM-n-hexane-for-gc-Specification.pdf
Acetone for GC,,High-Purity Solvents & Chemicals,GC Grade Solvents,/products/gc-grade-solvents/acetone-for-gc,/documents/products/gc-grade-solvents/acetone-for-gc/LANCHROM-acetone-for-gc-TDS.pdf,/documents/products/gc-grade-solvents/acetone-for-gc/LANCHROM-acetone-for-gc-Specification.pdf
Ethyl Acetate for GC,,High-Purity Solvents & Chemicals,GC Grade Solvents,/products/gc-grade-solvents/ethyl-acetate-for-gc,/documents/products/gc-grade-solvents/ethyl-acetate-for-gc/LANCHROM-ethyl-acetate-for-gc-TDS.pdf,/documents/products/gc-grade-solvents/ethyl-acetate-for-gc/LANCHROM-ethyl-acetate-for-gc-Specification.pdf
DCM for GC,,High-Purity Solvents & Chemicals,GC Grade Solvents,/products/gc-grade-solvents/dcm-for-gc,/documents/products/gc-grade-solvents/dcm-for-gc/LANCHROM-dcm-for-gc-TDS.pdf,/documents/products/gc-grade-solvents/dcm-for-gc/LANCHROM-dcm-for-gc-Specification.pdf
Methanol for GC,,High-Purity Solvents & Chemicals,GC Grade Solvents,/products/gc-grade-solvents/methanol-for-gc,/documents/products/gc-grade-solvents/methanol-for-gc/LANCHROM-methanol-for-gc-TDS.pdf,/documents/products/gc-grade-solvents/methanol-for-gc/LANCHROM-methanol-for-gc-Specification.pdf
IPA for GC,,High-Purity Solvents & Chemicals,GC Grade Solvents,/products/gc-grade-solvents/ipa-for-gc,/documents/products/gc-grade-solvents/ipa-for-gc/LANCHROM-ipa-for-gc-TDS.pdf,/documents/products/gc-grade-solvents/ipa-for-gc/LANCHROM-ipa-for-gc-Specification.pdf
Toluene for GC,,High-Purity Solvents & Chemicals,GC Grade Solvents,/products/gc-grade-solvents/toluene-for-gc,/documents/products/gc-grade-solvents/toluene-for-gc/LANCHROM-toluene-for-gc-TDS.pdf,/documents/products/gc-grade-solvents/toluene-for-gc/LANCHROM-toluene-for-gc-Specification.pdf
Xylene for GC,,High-Purity Solvents & Chemicals,GC Grade Solvents,/products/gc-grade-solvents/xylene-for-gc,/documents/products/gc-grade-solvents/xylene-for-gc/LANCHROM-xylene-for-gc-TDS.pdf,/documents/products/gc-grade-solvents/xylene-for-gc/LANCHROM-xylene-for-gc-Specification.pdf
n-Propyl Acetate for GC,,High-Purity Solvents & Chemicals,GC Grade Solvents,/products/gc-grade-solvents/n-propyl-acetate-for-gc,/documents/products/gc-grade-solvents/n-propyl-acetate-for-gc/LANCHROM-n-propyl-acetate-for-gc-TDS.pdf,/documents/products/gc-grade-solvents/n-propyl-acetate-for-gc/LANCHROM-n-propyl-acetate-for-gc-Specification.pdf
n-Butyl Acetate for GC,,High-Purity Solvents & Chemicals,GC Grade Solvents,/products/gc-grade-solvents/n-butyl-acetate-for-gc,/documents/products/gc-grade-solvents/n-butyl-acetate-for-gc/LANCHROM-n-butyl-acetate-for-gc-TDS.pdf,/documents/products/gc-grade-solvents/n-butyl-acetate-for-gc/LANCHROM-n-butyl-acetate-for-gc-Specification.pdf
Chloroform for GC,,High-Purity Solvents & Chemicals,GC Grade Solvents,/products/gc-grade-solvents/chloroform-for-gc,/documents/products/gc-grade-solvents/chloroform-for-gc/LANCHROM-chloroform-for-gc-TDS.pdf,/documents/products/gc-grade-solvents/chloroform-for-gc/LANCHROM-chloroform-for-gc-Specification.pdf
Petroleum Ether for GC,,High-Purity Solvents & Chemicals,GC Grade Solvents,/products/gc-grade-solvents/petroleum-ether-for-gc,/documents/products/gc-grade-solvents/petroleum-ether-for-gc/LANCHROM-petroleum-ether-for-gc-TDS.pdf,/documents/products/gc-grade-solvents/petroleum-ether-for-gc/LANCHROM-petroleum-ether-for-gc-Specification.pdf
Cyclohexane for GC,,High-Purity Solvents & Chemicals,GC Grade Solvents,/products/gc-grade-solvents/cyclohexane-for-gc,/documents/products/gc-grade-solvents/cyclohexane-for-gc/LANCHROM-cyclohexane-for-gc-TDS.pdf,/documents/products/gc-grade-solvents/cyclohexane-for-gc/LANCHROM-cyclohexane-for-gc-Specification.pdf
Acetonitrile for LC-MS,,High-Purity Solvents & Chemicals,LC-MS Grade Solvents,/products/lcms-grade-solvents/acetonitrile-for-lc-ms,/documents/products/lcms-grade-solvents/acetonitrile-for-lc-ms/LANCHROM-acetonitrile-for-lc-ms-TDS.pdf,/documents/products/lcms-grade-solvents/acetonitrile-for-lc-ms/LANCHROM-acetonitrile-for-lc-ms-Specification.pdf
Methanol for LC-MS,,High-Purity Solvents & Chemicals,LC-MS Grade Solvents,/products/lcms-grade-solvents/methanol-for-lc-ms,/documents/products/lcms-grade-solvents/methanol-for-lc-ms/LANCHROM-methanol-for-lc-ms-TDS.pdf,/documents/products/lcms-grade-solvents/methanol-for-lc-ms/LANCHROM-methanol-for-lc-ms-Specification.pdf
IPA for LC-MS,,High-Purity Solvents & Chemicals,LC-MS Grade Solvents,/products/lcms-grade-solvents/ipa-for-lc-ms,/documents/products/lcms-grade-solvents/ipa-for-lc-ms/LANCHROM-ipa-for-lc-ms-TDS.pdf,/documents/products/lcms-grade-solvents/ipa-for-lc-ms/LANCHROM-ipa-for-lc-ms-Specification.pdf
Ultra-Pure Water for LC-MS,,High-Purity Solvents & Chemicals,LC-MS Grade Solvents,/products/lcms-grade-solvents/ultra-pure-water-for-lc-ms,/documents/products/lcms-grade-solvents/ultra-pure-water-for-lc-ms/LANCHROM-ultra-pure-water-for-lc-ms-TDS.pdf,/documents/products/lcms-grade-solvents/ultra-pure-water-for-lc-ms/LANCHROM-ultra-pure-water-for-lc-ms-Specification.pdf
Formic Acid 0.1% for LC-MS,,High-Purity Solvents & Chemicals,LC-MS Mobile Phase Additives,/products/lcms-mobile-phase-additives/formic-acid-0-1percent-for-lc-ms,/documents/products/lcms-mobile-phase-additives/formic-acid-0-1percent-for-lc-ms/LANCHROM-formic-acid-0-1percent-for-lc-ms-TDS.pdf,/documents/products/lcms-mobile-phase-additives/formic-acid-0-1percent-for-lc-ms/LANCHROM-formic-acid-0-1percent-for-lc-ms-Specification.pdf
Ammonium Acetate Solution for LC-MS,,High-Purity Solvents & Chemicals,LC-MS Mobile Phase Additives,/products/lcms-mobile-phase-additives/ammonium-acetate-solution-for-lc-ms,/documents/products/lcms-mobile-phase-additives/ammonium-acetate-solution-for-lc-ms/LANCHROM-ammonium-acetate-solution-for-lc-ms-TDS.pdf,/documents/products/lcms-mobile-phase-additives/ammonium-acetate-solution-for-lc-ms/LANCHROM-ammonium-acetate-solution-for-lc-ms-Specification.pdf
Ammonium Formate Solution for LC-MS,,High-Purity Solvents & Chemicals,LC-MS Mobile Phase Additives,/products/lcms-mobile-phase-additives/ammonium-formate-solution-for-lc-ms,/documents/products/lcms-mobile-phase-additives/ammonium-formate-solution-for-lc-ms/LANCHROM-ammonium-formate-solution-for-lc-ms-TDS.pdf,/documents/products/lcms-mobile-phase-additives/ammonium-formate-solution-for-lc-ms/LANCHROM-ammonium-formate-solution-for-lc-ms-Specification.pdf
Ethanol for LC-MS,,High-Purity Solvents & Chemicals,LC-MS Grade Solvents,/products/lcms-grade-solvents/ethanol-for-lc-ms,/documents/products/lcms-grade-solvents/ethanol-for-lc-ms/LANCHROM-ethanol-for-lc-ms-TDS.pdf,/documents/products/lcms-grade-solvents/ethanol-for-lc-ms/LANCHROM-ethanol-for-lc-ms-Specification.pdf
Acetone for LC-MS,,High-Purity Solvents & Chemicals,LC-MS Grade Solvents,/products/lcms-grade-solvents/acetone-for-lc-ms,/documents/products/lcms-grade-solvents/acetone-for-lc-ms/LANCHROM-acetone-for-lc-ms-TDS.pdf,/documents/products/lcms-grade-solvents/acetone-for-lc-ms/LANCHROM-acetone-for-lc-ms-Specification.pdf
Nitric Acid 65% for Trace Analysis,,High-Purity Solvents & Chemicals,Trace Analysis Chemicals,/products/trace-analysis-chemicals/nitric-acid-65percent-for-trace-analysis,/documents/products/trace-analysis-chemicals/nitric-acid-65percent-for-trace-analysis/LANCHROM-nitric-acid-65percent-for-trace-analysis-TDS.pdf,/documents/products/trace-analysis-chemicals/nitric-acid-65percent-for-trace-analysis/LANCHROM-nitric-acid-65percent-for-trace-analysis-Specification.pdf
Hydrochloric Acid 37% for Trace Analysis,,High-Purity Solvents & Chemicals,Trace Analysis Chemicals,/products/trace-analysis-chemicals/hydrochloric-acid-37percent-for-trace-analysis,/documents/products/trace-analysis-chemicals/hydrochloric-acid-37percent-for-trace-analysis/LANCHROM-hydrochloric-acid-37percent-for-trace-analysis-TDS.pdf,/documents/products/trace-analysis-chemicals/hydrochloric-acid-37percent-for-trace-analysis/LANCHROM-hydrochloric-acid-37percent-for-trace-analysis-Specification.pdf
Hydrofluoric Acid for Trace Analysis,,High-Purity Solvents & Chemicals,Trace Analysis Chemicals,/products/trace-analysis-chemicals/hydrofluoric-acid-for-trace-analysis,/documents/products/trace-analysis-chemicals/hydrofluoric-acid-for-trace-analysis/LANCHROM-hydrofluoric-acid-for-trace-analysis-TDS.pdf,/documents/products/trace-analysis-chemicals/hydrofluoric-acid-for-trace-analysis/LANCHROM-hydrofluoric-acid-for-trace-analysis-Specification.pdf
Hydrogen Peroxide 30% for Trace Analysis,,High-Purity Solvents & Chemicals,Trace Analysis Chemicals,/products/trace-analysis-chemicals/hydrogen-peroxide-30percent-for-trace-analysis,/documents/products/trace-analysis-chemicals/hydrogen-peroxide-30percent-for-trace-analysis/LANCHROM-hydrogen-peroxide-30percent-for-trace-analysis-TDS.pdf,/documents/products/trace-analysis-chemicals/hydrogen-peroxide-30percent-for-trace-analysis/LANCHROM-hydrogen-peroxide-30percent-for-trace-analysis-Specification.pdf
Acetonitrile for Trace Analysis,,High-Purity Solvents & Chemicals,Trace Analysis Chemicals,/products/trace-analysis-chemicals/acetonitrile-for-trace-analysis,/documents/products/trace-analysis-chemicals/acetonitrile-for-trace-analysis/LANCHROM-acetonitrile-for-trace-analysis-TDS.pdf,/documents/products/trace-analysis-chemicals/acetonitrile-for-trace-analysis/LANCHROM-acetonitrile-for-trace-analysis-Specification.pdf
Ultra-Pure Water for Trace Analysis,,High-Purity Solvents & Chemicals,Trace Analysis Chemicals,/products/trace-analysis-chemicals/ultra-pure-water-for-trace-analysis,/documents/products/trace-analysis-chemicals/ultra-pure-water-for-trace-analysis/LANCHROM-ultra-pure-water-for-trace-analysis-TDS.pdf,/documents/products/trace-analysis-chemicals/ultra-pure-water-for-trace-analysis/LANCHROM-ultra-pure-water-for-trace-analysis-Specification.pdf
Methanol for Trace Analysis,,High-Purity Solvents & Chemicals,Trace Analysis Chemicals,/products/trace-analysis-chemicals/methanol-for-trace-analysis,/documents/products/trace-analysis-chemicals/methanol-for-trace-analysis/LANCHROM-methanol-for-trace-analysis-TDS.pdf,/documents/products/trace-analysis-chemicals/methanol-for-trace-analysis/LANCHROM-methanol-for-trace-analysis-Specification.pdf
IPA for Trace Analysis,,High-Purity Solvents & Chemicals,Trace Analysis Chemicals,/products/trace-analysis-chemicals/ipa-for-trace-analysis,/documents/products/trace-analysis-chemicals/ipa-for-trace-analysis/LANCHROM-ipa-for-trace-analysis-TDS.pdf,/documents/products/trace-analysis-chemicals/ipa-for-trace-analysis/LANCHROM-ipa-for-trace-analysis-Specification.pdf
Acetonitrile for Spectroscopy,,High-Purity Solvents & Chemicals,Spectroscopic Grade Solvents,/products/spectroscopic-grade-solvents/acetonitrile-for-spectroscopy,/documents/products/spectroscopic-grade-solvents/acetonitrile-for-spectroscopy/LANCHROM-acetonitrile-for-spectroscopy-TDS.pdf,/documents/products/spectroscopic-grade-solvents/acetonitrile-for-spectroscopy/LANCHROM-acetonitrile-for-spectroscopy-Specification.pdf
Methanol for Spectroscopy,,High-Purity Solvents & Chemicals,Spectroscopic Grade Solvents,/products/spectroscopic-grade-solvents/methanol-for-spectroscopy,/documents/products/spectroscopic-grade-solvents/methanol-for-spectroscopy/LANCHROM-methanol-for-spectroscopy-TDS.pdf,/documents/products/spectroscopic-grade-solvents/methanol-for-spectroscopy/LANCHROM-methanol-for-spectroscopy-Specification.pdf
n-Hexane for Spectroscopy,,High-Purity Solvents & Chemicals,Spectroscopic Grade Solvents,/products/spectroscopic-grade-solvents/n-hexane-for-spectroscopy,/documents/products/spectroscopic-grade-solvents/n-hexane-for-spectroscopy/LANCHROM-n-hexane-for-spectroscopy-TDS.pdf,/documents/products/spectroscopic-grade-solvents/n-hexane-for-spectroscopy/LANCHROM-n-hexane-for-spectroscopy-Specification.pdf
DCM for Spectroscopy,,High-Purity Solvents & Chemicals,Spectroscopic Grade Solvents,/products/spectroscopic-grade-solvents/dcm-for-spectroscopy,/documents/products/spectroscopic-grade-solvents/dcm-for-spectroscopy/LANCHROM-dcm-for-spectroscopy-TDS.pdf,/documents/products/spectroscopic-grade-solvents/dcm-for-spectroscopy/LANCHROM-dcm-for-spectroscopy-Specification.pdf
Chloroform for Spectroscopy,,High-Purity Solvents & Chemicals,Spectroscopic Grade Solvents,/products/spectroscopic-grade-solvents/chloroform-for-spectroscopy,/documents/products/spectroscopic-grade-solvents/chloroform-for-spectroscopy/LANCHROM-chloroform-for-spectroscopy-TDS.pdf,/documents/products/spectroscopic-grade-solvents/chloroform-for-spectroscopy/LANCHROM-chloroform-for-spectroscopy-Specification.pdf
IPA for Spectroscopy,,High-Purity Solvents & Chemicals,Spectroscopic Grade Solvents,/products/spectroscopic-grade-solvents/ipa-for-spectroscopy,/documents/products/spectroscopic-grade-solvents/ipa-for-spectroscopy/LANCHROM-ipa-for-spectroscopy-TDS.pdf,/documents/products/spectroscopic-grade-solvents/ipa-for-spectroscopy/LANCHROM-ipa-for-spectroscopy-Specification.pdf
Ethanol for Spectroscopy,,High-Purity Solvents & Chemicals,Spectroscopic Grade Solvents,/products/spectroscopic-grade-solvents/ethanol-for-spectroscopy,/documents/products/spectroscopic-grade-solvents/ethanol-for-spectroscopy/LANCHROM-ethanol-for-spectroscopy-TDS.pdf,/documents/products/spectroscopic-grade-solvents/ethanol-for-spectroscopy/LANCHROM-ethanol-for-spectroscopy-Specification.pdf
Acetone for Spectroscopy,,High-Purity Solvents & Chemicals,Spectroscopic Grade Solvents,/products/spectroscopic-grade-solvents/acetone-for-spectroscopy,/documents/products/spectroscopic-grade-solvents/acetone-for-spectroscopy/LANCHROM-acetone-for-spectroscopy-TDS.pdf,/documents/products/spectroscopic-grade-solvents/acetone-for-spectroscopy/LANCHROM-acetone-for-spectroscopy-Specification.pdf
0.1% Formic Acid Aqueous Solution,,Ready-to-Use Solutions,Acidified Mobile Phases,/products/acidified-mobile-phases/0-1percent-formic-acid-aqueous-solution,/documents/products/acidified-mobile-phases/0-1percent-formic-acid-aqueous-solution/LANCHROM-0-1percent-formic-acid-aqueous-solution-TDS.pdf,/documents/products/acidified-mobile-phases/0-1percent-formic-acid-aqueous-solution/LANCHROM-0-1percent-formic-acid-aqueous-solution-Specification.pdf
0.1% Formic Acid Acetonitrile Solution,,Ready-to-Use Solutions,Acidified Mobile Phases,/products/acidified-mobile-phases/0-1percent-formic-acid-acetonitrile-solution,/documents/products/acidified-mobile-phases/0-1percent-formic-acid-acetonitrile-solution/LANCHROM-0-1percent-formic-acid-acetonitrile-solution-TDS.pdf,/documents/products/acidified-mobile-phases/0-1percent-formic-acid-acetonitrile-solution/LANCHROM-0-1percent-formic-acid-acetonitrile-solution-Specification.pdf
0.1% Formic Acid Methanol Solution,,Ready-to-Use Solutions,Acidified Mobile Phases,/products/acidified-mobile-phases/0-1percent-formic-acid-methanol-solution,/documents/products/acidified-mobile-phases/0-1percent-formic-acid-methanol-solution/LANCHROM-0-1percent-formic-acid-methanol-solution-TDS.pdf,/documents/products/acidified-mobile-phases/0-1percent-formic-acid-methanol-solution/LANCHROM-0-1percent-formic-acid-methanol-solution-Specification.pdf
0.1% Acetic Acid Aqueous Solution,,Ready-to-Use Solutions,Acidified Mobile Phases,/products/acidified-mobile-phases/0-1percent-acetic-acid-aqueous-solution,/documents/products/acidified-mobile-phases/0-1percent-acetic-acid-aqueous-solution/LANCHROM-0-1percent-acetic-acid-aqueous-solution-TDS.pdf,/documents/products/acidified-mobile-phases/0-1percent-acetic-acid-aqueous-solution/LANCHROM-0-1percent-acetic-acid-aqueous-solution-Specification.pdf
10mM Ammonium Acetate Aqueous Solution,,Ready-to-Use Solutions,Buffer Mobile Phases,/products/buffer-mobile-phases/10mm-ammonium-acetate-aqueous-solution,/documents/products/buffer-mobile-phases/10mm-ammonium-acetate-aqueous-solution/LANCHROM-10mm-ammonium-acetate-aqueous-solution-TDS.pdf,/documents/products/buffer-mobile-phases/10mm-ammonium-acetate-aqueous-solution/LANCHROM-10mm-ammonium-acetate-aqueous-solution-Specification.pdf
10mM Ammonium Formate Aqueous Solution,,Ready-to-Use Solutions,Buffer Mobile Phases,/products/buffer-mobile-phases/10mm-ammonium-formate-aqueous-solution,/documents/products/buffer-mobile-phases/10mm-ammonium-formate-aqueous-solution/LANCHROM-10mm-ammonium-formate-aqueous-solution-TDS.pdf,/documents/products/buffer-mobile-phases/10mm-ammonium-formate-aqueous-solution/LANCHROM-10mm-ammonium-formate-aqueous-solution-Specification.pdf
20mM Potassium Dihydrogen Phosphate Buffer,,Ready-to-Use Solutions,Application-Specific Mobile Phase Kits,/products/application-specific-mobile-phase-kits/20mm-potassium-dihydrogen-phosphate-buffer,/documents/products/application-specific-mobile-phase-kits/20mm-potassium-dihydrogen-phosphate-buffer/LANCHROM-20mm-potassium-dihydrogen-phosphate-buffer-TDS.pdf,/documents/products/application-specific-mobile-phase-kits/20mm-potassium-dihydrogen-phosphate-buffer/LANCHROM-20mm-potassium-dihydrogen-phosphate-buffer-Specification.pdf
20mM Dipotassium Hydrogen Phosphate Buffer,,Ready-to-Use Solutions,Application-Specific Mobile Phase Kits,/products/application-specific-mobile-phase-kits/20mm-dipotassium-hydrogen-phosphate-buffer,/documents/products/application-specific-mobile-phase-kits/20mm-dipotassium-hydrogen-phosphate-buffer/LANCHROM-20mm-dipotassium-hydrogen-phosphate-buffer-TDS.pdf,/documents/products/application-specific-mobile-phase-kits/20mm-dipotassium-hydrogen-phosphate-buffer/LANCHROM-20mm-dipotassium-hydrogen-phosphate-buffer-Specification.pdf
0.1N Sulfuric Acid Aqueous Solution,,Ready-to-Use Solutions,Acidified Mobile Phases,/products/acidified-mobile-phases/0-1n-sulfuric-acid-aqueous-solution,/documents/products/acidified-mobile-phases/0-1n-sulfuric-acid-aqueous-solution/LANCHROM-0-1n-sulfuric-acid-aqueous-solution-TDS.pdf,/documents/products/acidified-mobile-phases/0-1n-sulfuric-acid-aqueous-solution/LANCHROM-0-1n-sulfuric-acid-aqueous-solution-Specification.pdf
5mM Sulfuric Acid Aqueous Solution,,Ready-to-Use Solutions,Acidified Mobile Phases,/products/acidified-mobile-phases/5mm-sulfuric-acid-aqueous-solution,/documents/products/acidified-mobile-phases/5mm-sulfuric-acid-aqueous-solution/LANCHROM-5mm-sulfuric-acid-aqueous-solution-TDS.pdf,/documents/products/acidified-mobile-phases/5mm-sulfuric-acid-aqueous-solution/LANCHROM-5mm-sulfuric-acid-aqueous-solution-Specification.pdf
Organic Acid Analysis Mobile Phase Kit,,Ready-to-Use Solutions,Application-Specific Mobile Phase Kits,/products/application-specific-mobile-phase-kits/organic-acid-analysis-mobile-phase-kit,/documents/products/application-specific-mobile-phase-kits/organic-acid-analysis-mobile-phase-kit/LANCHROM-organic-acid-analysis-mobile-phase-kit-TDS.pdf,/documents/products/application-specific-mobile-phase-kits/organic-acid-analysis-mobile-phase-kit/LANCHROM-organic-acid-analysis-mobile-phase-kit-Specification.pdf
Sugar Analysis Mobile Phase Kit,,Ready-to-Use Solutions,Application-Specific Mobile Phase Kits,/products/application-specific-mobile-phase-kits/sugar-analysis-mobile-phase-kit,/documents/products/application-specific-mobile-phase-kits/sugar-analysis-mobile-phase-kit/LANCHROM-sugar-analysis-mobile-phase-kit-TDS.pdf,/documents/products/application-specific-mobile-phase-kits/sugar-analysis-mobile-phase-kit/LANCHROM-sugar-analysis-mobile-phase-kit-Specification.pdf
Acetonitrile/Water 50:50 Pharmacopeia Grade,,Ready-to-Use Solutions,Application-Specific Mobile Phase Kits,/products/application-specific-mobile-phase-kits/acetonitrile-water-50-50-pharmacopeia-grade,/documents/products/application-specific-mobile-phase-kits/acetonitrile-water-50-50-pharmacopeia-grade/LANCHROM-acetonitrile-water-50-50-pharmacopeia-grade-TDS.pdf,/documents/products/application-specific-mobile-phase-kits/acetonitrile-water-50-50-pharmacopeia-grade/LANCHROM-acetonitrile-water-50-50-pharmacopeia-grade-Specification.pdf
Methanol/Water 70:30 Pharmacopeia Grade,,Ready-to-Use Solutions,Application-Specific Mobile Phase Kits,/products/application-specific-mobile-phase-kits/methanol-water-70-30-pharmacopeia-grade,/documents/products/application-specific-mobile-phase-kits/methanol-water-70-30-pharmacopeia-grade/LANCHROM-methanol-water-70-30-pharmacopeia-grade-TDS.pdf,/documents/products/application-specific-mobile-phase-kits/methanol-water-70-30-pharmacopeia-grade/LANCHROM-methanol-water-70-30-pharmacopeia-grade-Specification.pdf
ICP Multi-Element Mixed Standard Solution (23 Elements),,Reference Standards & Analytical Reagents,Elemental & Ionic Standards,/products/elemental-ionic-standards/icp-multi-element-mixed-standard-solution-23-elements,/documents/products/elemental-ionic-standards/icp-multi-element-mixed-standard-solution-23-elements/LANCHROM-icp-multi-element-mixed-standard-solution-23-elements-TDS.pdf,/documents/products/elemental-ionic-standards/icp-multi-element-mixed-standard-solution-23-elements/LANCHROM-icp-multi-element-mixed-standard-solution-23-elements-Specification.pdf
ICP Single Element Standard Solution (Full Series 70 Elements),,Reference Standards & Analytical Reagents,Elemental & Ionic Standards,/products/elemental-ionic-standards/icp-single-element-standard-solution-full-series-70-elements,/documents/products/elemental-ionic-standards/icp-single-element-standard-solution-full-series-70-elements/LANCHROM-icp-single-element-standard-solution-full-series-70-elements-TDS.pdf,/documents/products/elemental-ionic-standards/icp-single-element-standard-solution-full-series-70-elements/LANCHROM-icp-single-element-standard-solution-full-series-70-elements-Specification.pdf
AAS Standard Solution (Full Series),,Reference Standards & Analytical Reagents,Elemental & Ionic Standards,/products/elemental-ionic-standards/aas-standard-solution-full-series,/documents/products/elemental-ionic-standards/aas-standard-solution-full-series/LANCHROM-aas-standard-solution-full-series-TDS.pdf,/documents/products/elemental-ionic-standards/aas-standard-solution-full-series/LANCHROM-aas-standard-solution-full-series-Specification.pdf
AAS Concentrated Standard Solution,,Reference Standards & Analytical Reagents,Elemental & Ionic Standards,/products/elemental-ionic-standards/aas-concentrated-standard-solution,/documents/products/elemental-ionic-standards/aas-concentrated-standard-solution/LANCHROM-aas-concentrated-standard-solution-TDS.pdf,/documents/products/elemental-ionic-standards/aas-concentrated-standard-solution/LANCHROM-aas-concentrated-standard-solution-Specification.pdf
Anion and Cation Standard Solution,,Reference Standards & Analytical Reagents,Elemental & Ionic Standards,/products/elemental-ionic-standards/anion-and-cation-standard-solution,/documents/products/elemental-ionic-standards/anion-and-cation-standard-solution/LANCHROM-anion-and-cation-standard-solution-TDS.pdf,/documents/products/elemental-ionic-standards/anion-and-cation-standard-solution/LANCHROM-anion-and-cation-standard-solution-Specification.pdf
pH 4.00 Standard Buffer Solution,,Reference Standards & Analytical Reagents,Physicochemical Calibration Standards,/products/physicochemical-calibration-standards/ph-4-00-standard-buffer-solution,/documents/products/physicochemical-calibration-standards/ph-4-00-standard-buffer-solution/LANCHROM-ph-4-00-standard-buffer-solution-TDS.pdf,/documents/products/physicochemical-calibration-standards/ph-4-00-standard-buffer-solution/LANCHROM-ph-4-00-standard-buffer-solution-Specification.pdf
pH 6.86 Standard Buffer Solution,,Reference Standards & Analytical Reagents,Physicochemical Calibration Standards,/products/physicochemical-calibration-standards/ph-6-86-standard-buffer-solution,/documents/products/physicochemical-calibration-standards/ph-6-86-standard-buffer-solution/LANCHROM-ph-6-86-standard-buffer-solution-TDS.pdf,/documents/products/physicochemical-calibration-standards/ph-6-86-standard-buffer-solution/LANCHROM-ph-6-86-standard-buffer-solution-Specification.pdf
pH 7.00 Standard Buffer Solution,,Reference Standards & Analytical Reagents,Physicochemical Calibration Standards,/products/physicochemical-calibration-standards/ph-7-00-standard-buffer-solution,/documents/products/physicochemical-calibration-standards/ph-7-00-standard-buffer-solution/LANCHROM-ph-7-00-standard-buffer-solution-TDS.pdf,/documents/products/physicochemical-calibration-standards/ph-7-00-standard-buffer-solution/LANCHROM-ph-7-00-standard-buffer-solution-Specification.pdf
pH 9.18 Standard Buffer Solution,,Reference Standards & Analytical Reagents,Physicochemical Calibration Standards,/products/physicochemical-calibration-standards/ph-9-18-standard-buffer-solution,/documents/products/physicochemical-calibration-standards/ph-9-18-standard-buffer-solution/LANCHROM-ph-9-18-standard-buffer-solution-TDS.pdf,/documents/products/physicochemical-calibration-standards/ph-9-18-standard-buffer-solution/LANCHROM-ph-9-18-standard-buffer-solution-Specification.pdf
pH 10.01 Standard Buffer Solution,,Reference Standards & Analytical Reagents,Physicochemical Calibration Standards,/products/physicochemical-calibration-standards/ph-10-01-standard-buffer-solution,/documents/products/physicochemical-calibration-standards/ph-10-01-standard-buffer-solution/LANCHROM-ph-10-01-standard-buffer-solution-TDS.pdf,/documents/products/physicochemical-calibration-standards/ph-10-01-standard-buffer-solution/LANCHROM-ph-10-01-standard-buffer-solution-Specification.pdf
Conductivity Standard Solution,,Reference Standards & Analytical Reagents,Physicochemical Calibration Standards,/products/physicochemical-calibration-standards/conductivity-standard-solution,/documents/products/physicochemical-calibration-standards/conductivity-standard-solution/LANCHROM-conductivity-standard-solution-TDS.pdf,/documents/products/physicochemical-calibration-standards/conductivity-standard-solution/LANCHROM-conductivity-standard-solution-Specification.pdf
HCl Standard Solution,,Reference Standards & Analytical Reagents,Volumetric & Titration Standards,/products/volumetric-titration-standards/hcl-standard-solution,/documents/products/volumetric-titration-standards/hcl-standard-solution/LANCHROM-hcl-standard-solution-TDS.pdf,/documents/products/volumetric-titration-standards/hcl-standard-solution/LANCHROM-hcl-standard-solution-Specification.pdf
H₂SO₄ Standard Solution,,Reference Standards & Analytical Reagents,Volumetric & Titration Standards,/products/volumetric-titration-standards/h2so4-standard-solution,/documents/products/volumetric-titration-standards/h2so4-standard-solution/LANCHROM-h2so4-standard-solution-TDS.pdf,/documents/products/volumetric-titration-standards/h2so4-standard-solution/LANCHROM-h2so4-standard-solution-Specification.pdf
EDTA Standard Solution,,Reference Standards & Analytical Reagents,Volumetric & Titration Standards,/products/volumetric-titration-standards/edta-standard-solution,/documents/products/volumetric-titration-standards/edta-standard-solution/LANCHROM-edta-standard-solution-TDS.pdf,/documents/products/volumetric-titration-standards/edta-standard-solution/LANCHROM-edta-standard-solution-Specification.pdf
KMnO₄ Standard Solution,,Reference Standards & Analytical Reagents,Volumetric & Titration Standards,/products/volumetric-titration-standards/kmno4-standard-solution,/documents/products/volumetric-titration-standards/kmno4-standard-solution/LANCHROM-kmno4-standard-solution-TDS.pdf,/documents/products/volumetric-titration-standards/kmno4-standard-solution/LANCHROM-kmno4-standard-solution-Specification.pdf
AgNO₃ Standard Solution,,Reference Standards & Analytical Reagents,Volumetric & Titration Standards,/products/volumetric-titration-standards/agno3-standard-solution,/documents/products/volumetric-titration-standards/agno3-standard-solution/LANCHROM-agno3-standard-solution-TDS.pdf,/documents/products/volumetric-titration-standards/agno3-standard-solution/LANCHROM-agno3-standard-solution-Specification.pdf
Potassium Dichromate Primary Standard,,Reference Standards & Analytical Reagents,Volumetric & Titration Standards,/products/volumetric-titration-standards/potassium-dichromate-primary-standard,/documents/products/volumetric-titration-standards/potassium-dichromate-primary-standard/LANCHROM-potassium-dichromate-primary-standard-TDS.pdf,/documents/products/volumetric-titration-standards/potassium-dichromate-primary-standard/LANCHROM-potassium-dichromate-primary-standard-Specification.pdf
Sodium Oxalate Primary Standard,,Reference Standards & Analytical Reagents,Volumetric & Titration Standards,/products/volumetric-titration-standards/sodium-oxalate-primary-standard,/documents/products/volumetric-titration-standards/sodium-oxalate-primary-standard/LANCHROM-sodium-oxalate-primary-standard-TDS.pdf,/documents/products/volumetric-titration-standards/sodium-oxalate-primary-standard/LANCHROM-sodium-oxalate-primary-standard-Specification.pdf
Sodium Carbonate Primary Standard,,Reference Standards & Analytical Reagents,Volumetric & Titration Standards,/products/volumetric-titration-standards/sodium-carbonate-primary-standard,/documents/products/volumetric-titration-standards/sodium-carbonate-primary-standard/LANCHROM-sodium-carbonate-primary-standard-TDS.pdf,/documents/products/volumetric-titration-standards/sodium-carbonate-primary-standard/LANCHROM-sodium-carbonate-primary-standard-Specification.pdf
UV-VIS Absorbance Standard Solution,,Reference Standards & Analytical Reagents,Physicochemical Calibration Standards,/products/physicochemical-calibration-standards/uv-vis-absorbance-standard-solution,/documents/products/physicochemical-calibration-standards/uv-vis-absorbance-standard-solution/LANCHROM-uv-vis-absorbance-standard-solution-TDS.pdf,/documents/products/physicochemical-calibration-standards/uv-vis-absorbance-standard-solution/LANCHROM-uv-vis-absorbance-standard-solution-Specification.pdf
Color Standard Solution (Platinum-Cobalt Series),,Reference Standards & Analytical Reagents,Physicochemical Calibration Standards,/products/physicochemical-calibration-standards/color-standard-solution-platinum-cobalt-series,/documents/products/physicochemical-calibration-standards/color-standard-solution-platinum-cobalt-series/LANCHROM-color-standard-solution-platinum-cobalt-series-TDS.pdf,/documents/products/physicochemical-calibration-standards/color-standard-solution-platinum-cobalt-series/LANCHROM-color-standard-solution-platinum-cobalt-series-Specification.pdf
Turbidity Standard Solution,,Reference Standards & Analytical Reagents,Physicochemical Calibration Standards,/products/physicochemical-calibration-standards/turbidity-standard-solution,/documents/products/physicochemical-calibration-standards/turbidity-standard-solution/LANCHROM-turbidity-standard-solution-TDS.pdf,/documents/products/physicochemical-calibration-standards/turbidity-standard-solution/LANCHROM-turbidity-standard-solution-Specification.pdf
Refractive Index Standard Solution,,Reference Standards & Analytical Reagents,Physicochemical Calibration Standards,/products/physicochemical-calibration-standards/refractive-index-standard-solution,/documents/products/physicochemical-calibration-standards/refractive-index-standard-solution/LANCHROM-refractive-index-standard-solution-TDS.pdf,/documents/products/physicochemical-calibration-standards/refractive-index-standard-solution/LANCHROM-refractive-index-standard-solution-Specification.pdf
HPLCMobile phase starter kit,,Life Science & Workflow Kits,Laboratory Workflow Kits,/products/laboratory-workflow-kits/hplc,/documents/products/laboratory-workflow-kits/hplc/LANCHROM-hplc-TDS.pdf,/documents/products/laboratory-workflow-kits/hplc/LANCHROM-hplc-Specification.pdf
LC-MSMobile phase kit,,Life Science & Workflow Kits,Laboratory Workflow Kits,/products/laboratory-workflow-kits/lc-ms,/documents/products/laboratory-workflow-kits/lc-ms/LANCHROM-lc-ms-TDS.pdf,/documents/products/laboratory-workflow-kits/lc-ms/LANCHROM-lc-ms-Specification.pdf
Sugar + Organic Acid Full Analysis Kit,,Life Science & Workflow Kits,Laboratory Workflow Kits,/products/laboratory-workflow-kits/sugar-plus-organic-acid-full-analysis-kit,/documents/products/laboratory-workflow-kits/sugar-plus-organic-acid-full-analysis-kit/LANCHROM-sugar-plus-organic-acid-full-analysis-kit-TDS.pdf,/documents/products/laboratory-workflow-kits/sugar-plus-organic-acid-full-analysis-kit/LANCHROM-sugar-plus-organic-acid-full-analysis-kit-Specification.pdf
Pesticide Residue Detection Solvent Kit,,Life Science & Workflow Kits,Laboratory Workflow Kits,/products/laboratory-workflow-kits/pesticide-residue-detection-solvent-kit,/documents/products/laboratory-workflow-kits/pesticide-residue-detection-solvent-kit/LANCHROM-pesticide-residue-detection-solvent-kit-TDS.pdf,/documents/products/laboratory-workflow-kits/pesticide-residue-detection-solvent-kit/LANCHROM-pesticide-residue-detection-solvent-kit-Specification.pdf
TLC Analysis Kit,,Life Science & Workflow Kits,Laboratory Workflow Kits,/products/laboratory-workflow-kits/tlc-analysis-kit,/documents/products/laboratory-workflow-kits/tlc-analysis-kit/LANCHROM-tlc-analysis-kit-TDS.pdf,/documents/products/laboratory-workflow-kits/tlc-analysis-kit/LANCHROM-tlc-analysis-kit-Specification.pdf
Trace Metal Analysis Kit,,Life Science & Workflow Kits,Laboratory Workflow Kits,/products/laboratory-workflow-kits/trace-metal-analysis-kit,/documents/products/laboratory-workflow-kits/trace-metal-analysis-kit/LANCHROM-trace-metal-analysis-kit-TDS.pdf,/documents/products/laboratory-workflow-kits/trace-metal-analysis-kit/LANCHROM-trace-metal-analysis-kit-Specification.pdf
Karl Fischer Moisture Determination Kit,,Life Science & Workflow Kits,Laboratory Workflow Kits,/products/laboratory-workflow-kits/karl-fischer-moisture-determination-kit,/documents/products/laboratory-workflow-kits/karl-fischer-moisture-determination-kit/LANCHROM-karl-fischer-moisture-determination-kit-TDS.pdf,/documents/products/laboratory-workflow-kits/karl-fischer-moisture-determination-kit/LANCHROM-karl-fischer-moisture-determination-kit-Specification.pdf
Cell cryopreservation kit (DMSO),,Life Science & Workflow Kits,Laboratory Workflow Kits,/products/laboratory-workflow-kits/dmso,/documents/products/laboratory-workflow-kits/dmso/LANCHROM-dmso-TDS.pdf,/documents/products/laboratory-workflow-kits/dmso/LANCHROM-dmso-Specification.pdf
CAR-T Process Grade Cryopreservation Kit,,Life Science & Workflow Kits,Laboratory Workflow Kits,/products/laboratory-workflow-kits/car-t-process-grade-cryopreservation-kit,/documents/products/laboratory-workflow-kits/car-t-process-grade-cryopreservation-kit/LANCHROM-car-t-process-grade-cryopreservation-kit-TDS.pdf,/documents/products/laboratory-workflow-kits/car-t-process-grade-cryopreservation-kit/LANCHROM-car-t-process-grade-cryopreservation-kit-Specification.pdf
PBMC Cryopreservation Kit,,Life Science & Workflow Kits,Laboratory Workflow Kits,/products/laboratory-workflow-kits/pbmc-cryopreservation-kit,/documents/products/laboratory-workflow-kits/pbmc-cryopreservation-kit/LANCHROM-pbmc-cryopreservation-kit-TDS.pdf,/documents/products/laboratory-workflow-kits/pbmc-cryopreservation-kit/LANCHROM-pbmc-cryopreservation-kit-Specification.pdf
Cell washing solvent kit,,Life Science & Workflow Kits,Laboratory Workflow Kits,/products/laboratory-workflow-kits/product,/documents/products/laboratory-workflow-kits/product/LANCHROM-product-TDS.pdf,/documents/products/laboratory-workflow-kits/product/LANCHROM-product-Specification.pdf
PCR Pathogen Rapid Detection Kit,,Life Science & Workflow Kits,Laboratory Workflow Kits,/products/laboratory-workflow-kits/pcr-pathogen-rapid-detection-kit,/documents/products/laboratory-workflow-kits/pcr-pathogen-rapid-detection-kit/LANCHROM-pcr-pathogen-rapid-detection-kit-TDS.pdf,/documents/products/laboratory-workflow-kits/pcr-pathogen-rapid-detection-kit/LANCHROM-pcr-pathogen-rapid-detection-kit-Specification.pdf
Food Microbiology Comprehensive Detection Kit,,Life Science & Workflow Kits,Laboratory Workflow Kits,/products/laboratory-workflow-kits/food-microbiology-comprehensive-detection-kit,/documents/products/laboratory-workflow-kits/food-microbiology-comprehensive-detection-kit/LANCHROM-food-microbiology-comprehensive-detection-kit-TDS.pdf,/documents/products/laboratory-workflow-kits/food-microbiology-comprehensive-detection-kit/LANCHROM-food-microbiology-comprehensive-detection-kit-Specification.pdf
GMP Clean Room Environmental Monitoring Kit,,Life Science & Workflow Kits,Laboratory Workflow Kits,/products/laboratory-workflow-kits/gmp-clean-room-environmental-monitoring-kit,/documents/products/laboratory-workflow-kits/gmp-clean-room-environmental-monitoring-kit/LANCHROM-gmp-clean-room-environmental-monitoring-kit-TDS.pdf,/documents/products/laboratory-workflow-kits/gmp-clean-room-environmental-monitoring-kit/LANCHROM-gmp-clean-room-environmental-monitoring-kit-Specification.pdf
ATP Fluorescence Hygiene Rapid Detection Kit,,Life Science & Workflow Kits,Laboratory Workflow Kits,/products/laboratory-workflow-kits/atp-fluorescence-hygiene-rapid-detection-kit,/documents/products/laboratory-workflow-kits/atp-fluorescence-hygiene-rapid-detection-kit/LANCHROM-atp-fluorescence-hygiene-rapid-detection-kit-TDS.pdf,/documents/products/laboratory-workflow-kits/atp-fluorescence-hygiene-rapid-detection-kit/LANCHROM-atp-fluorescence-hygiene-rapid-detection-kit-Specification.pdf
Water Microbiology Detection Kit,,Life Science & Workflow Kits,Laboratory Workflow Kits,/products/laboratory-workflow-kits/water-microbiology-detection-kit,/documents/products/laboratory-workflow-kits/water-microbiology-detection-kit/LANCHROM-water-microbiology-detection-kit-TDS.pdf,/documents/products/laboratory-workflow-kits/water-microbiology-detection-kit/LANCHROM-water-microbiology-detection-kit-Specification.pdf
Lactic Acid Fermentation Process Monitoring Kit,,Life Science & Workflow Kits,Laboratory Workflow Kits,/products/laboratory-workflow-kits/lactic-acid-fermentation-process-monitoring-kit,/documents/products/laboratory-workflow-kits/lactic-acid-fermentation-process-monitoring-kit/LANCHROM-lactic-acid-fermentation-process-monitoring-kit-TDS.pdf,/documents/products/laboratory-workflow-kits/lactic-acid-fermentation-process-monitoring-kit/LANCHROM-lactic-acid-fermentation-process-monitoring-kit-Specification.pdf
Liquor Fermentation Analysis Kit,,Life Science & Workflow Kits,Laboratory Workflow Kits,/products/laboratory-workflow-kits/liquor-fermentation-analysis-kit,/documents/products/laboratory-workflow-kits/liquor-fermentation-analysis-kit/LANCHROM-liquor-fermentation-analysis-kit-TDS.pdf,/documents/products/laboratory-workflow-kits/liquor-fermentation-analysis-kit/LANCHROM-liquor-fermentation-analysis-kit-Specification.pdf
Dairy Fermentation Quality Control Kit,,Life Science & Workflow Kits,Laboratory Workflow Kits,/products/laboratory-workflow-kits/dairy-fermentation-quality-control-kit,/documents/products/laboratory-workflow-kits/dairy-fermentation-quality-control-kit/LANCHROM-dairy-fermentation-quality-control-kit-TDS.pdf,/documents/products/laboratory-workflow-kits/dairy-fermentation-quality-control-kit/LANCHROM-dairy-fermentation-quality-control-kit-Specification.pdf
Bioethanol Fermentation Kit,,Life Science & Workflow Kits,Laboratory Workflow Kits,/products/laboratory-workflow-kits/bioethanol-fermentation-kit,/documents/products/laboratory-workflow-kits/bioethanol-fermentation-kit/LANCHROM-bioethanol-fermentation-kit-TDS.pdf,/documents/products/laboratory-workflow-kits/bioethanol-fermentation-kit/LANCHROM-bioethanol-fermentation-kit-Specification.pdf
PHA/PHB Biomaterial Detection Kit,,Life Science & Workflow Kits,Laboratory Workflow Kits,/products/laboratory-workflow-kits/pha-phb-biomaterial-detection-kit,/documents/products/laboratory-workflow-kits/pha-phb-biomaterial-detection-kit/LANCHROM-pha-phb-biomaterial-detection-kit-TDS.pdf,/documents/products/laboratory-workflow-kits/pha-phb-biomaterial-detection-kit/LANCHROM-pha-phb-biomaterial-detection-kit-Specification.pdf
GMPDisinfection solvent kit,,Life Science & Workflow Kits,Laboratory Workflow Kits,/products/laboratory-workflow-kits/gmp,/documents/products/laboratory-workflow-kits/gmp/LANCHROM-gmp-TDS.pdf,/documents/products/laboratory-workflow-kits/gmp/LANCHROM-gmp-Specification.pdf
Injection Solvent Kit,,Life Science & Workflow Kits,Laboratory Workflow Kits,/products/laboratory-workflow-kits/injection-solvent-kit,/documents/products/laboratory-workflow-kits/injection-solvent-kit/LANCHROM-injection-solvent-kit-TDS.pdf,/documents/products/laboratory-workflow-kits/injection-solvent-kit/LANCHROM-injection-solvent-kit-Specification.pdf
Plant Extraction Solvent Kit,,Life Science & Workflow Kits,Laboratory Workflow Kits,/products/laboratory-workflow-kits/plant-extraction-solvent-kit,/documents/products/laboratory-workflow-kits/plant-extraction-solvent-kit/LANCHROM-plant-extraction-solvent-kit-TDS.pdf,/documents/products/laboratory-workflow-kits/plant-extraction-solvent-kit/LANCHROM-plant-extraction-solvent-kit-Specification.pdf
Silica G TLC Plate (General),,Chromatography & Sample Preparation,TLC / HPTLC Products,/products/tlc-hptlc-products/silica-g-tlc-plate-general,/documents/products/tlc-hptlc-products/silica-g-tlc-plate-general/LANCHROM-silica-g-tlc-plate-general-TDS.pdf,/documents/products/tlc-hptlc-products/silica-g-tlc-plate-general/LANCHROM-silica-g-tlc-plate-general-Specification.pdf
High Performance HPTLC Plate,,Chromatography & Sample Preparation,TLC / HPTLC Products,/products/tlc-hptlc-products/high-performance-hptlc-plate,/documents/products/tlc-hptlc-products/high-performance-hptlc-plate/LANCHROM-high-performance-hptlc-plate-TDS.pdf,/documents/products/tlc-hptlc-products/high-performance-hptlc-plate/LANCHROM-high-performance-hptlc-plate-Specification.pdf
Reversed Phase C18 TLC Plate,,Chromatography & Sample Preparation,SPE & Sample Cleanup,/products/spe-sample-cleanup/reversed-phase-c18-tlc-plate,/documents/products/spe-sample-cleanup/reversed-phase-c18-tlc-plate/LANCHROM-reversed-phase-c18-tlc-plate-TDS.pdf,/documents/products/spe-sample-cleanup/reversed-phase-c18-tlc-plate/LANCHROM-reversed-phase-c18-tlc-plate-Specification.pdf
Cellulose TLC Plate,,Chromatography & Sample Preparation,TLC / HPTLC Products,/products/tlc-hptlc-products/cellulose-tlc-plate,/documents/products/tlc-hptlc-products/cellulose-tlc-plate/LANCHROM-cellulose-tlc-plate-TDS.pdf,/documents/products/tlc-hptlc-products/cellulose-tlc-plate/LANCHROM-cellulose-tlc-plate-Specification.pdf
Alumina TLC Plate,,Chromatography & Sample Preparation,TLC / HPTLC Products,/products/tlc-hptlc-products/alumina-tlc-plate,/documents/products/tlc-hptlc-products/alumina-tlc-plate/LANCHROM-alumina-tlc-plate-TDS.pdf,/documents/products/tlc-hptlc-products/alumina-tlc-plate/LANCHROM-alumina-tlc-plate-Specification.pdf
Preparative PLC Plate (Thick Plate),,Chromatography & Sample Preparation,TLC / HPTLC Products,/products/tlc-hptlc-products/preparative-plc-plate-thick-plate,/documents/products/tlc-hptlc-products/preparative-plc-plate-thick-plate/LANCHROM-preparative-plc-plate-thick-plate-TDS.pdf,/documents/products/tlc-hptlc-products/preparative-plc-plate-thick-plate/LANCHROM-preparative-plc-plate-thick-plate-Specification.pdf
TLC Developing Chamber (Glass) Double Tank,,Chromatography & Sample Preparation,TLC / HPTLC Products,/products/tlc-hptlc-products/tlc-developing-chamber-glass-double-tank,/documents/products/tlc-hptlc-products/tlc-developing-chamber-glass-double-tank/LANCHROM-tlc-developing-chamber-glass-double-tank-TDS.pdf,/documents/products/tlc-hptlc-products/tlc-developing-chamber-glass-double-tank/LANCHROM-tlc-developing-chamber-glass-double-tank-Specification.pdf
TLC Visualization Reagent Kit,,Chromatography & Sample Preparation,TLC / HPTLC Products,/products/tlc-hptlc-products/tlc-visualization-reagent-kit,/documents/products/tlc-hptlc-products/tlc-visualization-reagent-kit/LANCHROM-tlc-visualization-reagent-kit-TDS.pdf,/documents/products/tlc-hptlc-products/tlc-visualization-reagent-kit/LANCHROM-tlc-visualization-reagent-kit-Specification.pdf
C18 SPE Cartridge,,Chromatography & Sample Preparation,SPE & Sample Cleanup,/products/spe-sample-cleanup/c18-spe-cartridge,/documents/products/spe-sample-cleanup/c18-spe-cartridge/LANCHROM-c18-spe-cartridge-TDS.pdf,/documents/products/spe-sample-cleanup/c18-spe-cartridge/LANCHROM-c18-spe-cartridge-Specification.pdf
C8 SPE Cartridge,,Chromatography & Sample Preparation,SPE & Sample Cleanup,/products/spe-sample-cleanup/c8-spe-cartridge,/documents/products/spe-sample-cleanup/c8-spe-cartridge/LANCHROM-c8-spe-cartridge-TDS.pdf,/documents/products/spe-sample-cleanup/c8-spe-cartridge/LANCHROM-c8-spe-cartridge-Specification.pdf
NH₂ SPE Cartridge,,Chromatography & Sample Preparation,SPE & Sample Cleanup,/products/spe-sample-cleanup/nh2-spe-cartridge,/documents/products/spe-sample-cleanup/nh2-spe-cartridge/LANCHROM-nh2-spe-cartridge-TDS.pdf,/documents/products/spe-sample-cleanup/nh2-spe-cartridge/LANCHROM-nh2-spe-cartridge-Specification.pdf
SAX Strong Anion SPE,,Chromatography & Sample Preparation,SPE & Sample Cleanup,/products/spe-sample-cleanup/sax-strong-anion-spe,/documents/products/spe-sample-cleanup/sax-strong-anion-spe/LANCHROM-sax-strong-anion-spe-TDS.pdf,/documents/products/spe-sample-cleanup/sax-strong-anion-spe/LANCHROM-sax-strong-anion-spe-Specification.pdf
SCX Strong Cation SPE,,Chromatography & Sample Preparation,SPE & Sample Cleanup,/products/spe-sample-cleanup/scx-strong-cation-spe,/documents/products/spe-sample-cleanup/scx-strong-cation-spe/LANCHROM-scx-strong-cation-spe-TDS.pdf,/documents/products/spe-sample-cleanup/scx-strong-cation-spe/LANCHROM-scx-strong-cation-spe-Specification.pdf
HLB Hydrophilic-Lipophilic Balance SPE,,Chromatography & Sample Preparation,SPE & Sample Cleanup,/products/spe-sample-cleanup/hlb-hydrophilic-lipophilic-balance-spe,/documents/products/spe-sample-cleanup/hlb-hydrophilic-lipophilic-balance-spe/LANCHROM-hlb-hydrophilic-lipophilic-balance-spe-TDS.pdf,/documents/products/spe-sample-cleanup/hlb-hydrophilic-lipophilic-balance-spe/LANCHROM-hlb-hydrophilic-lipophilic-balance-spe-Specification.pdf
MAX Mixed Anion SPE,,Chromatography & Sample Preparation,SPE & Sample Cleanup,/products/spe-sample-cleanup/max-mixed-anion-spe,/documents/products/spe-sample-cleanup/max-mixed-anion-spe/LANCHROM-max-mixed-anion-spe-TDS.pdf,/documents/products/spe-sample-cleanup/max-mixed-anion-spe/LANCHROM-max-mixed-anion-spe-Specification.pdf
MCX Mixed Cation SPE,,Chromatography & Sample Preparation,SPE & Sample Cleanup,/products/spe-sample-cleanup/mcx-mixed-cation-spe,/documents/products/spe-sample-cleanup/mcx-mixed-cation-spe/LANCHROM-mcx-mixed-cation-spe-TDS.pdf,/documents/products/spe-sample-cleanup/mcx-mixed-cation-spe/LANCHROM-mcx-mixed-cation-spe-Specification.pdf
QuEChERS Cleanup Salt Packet,,Chromatography & Sample Preparation,SPE & Sample Cleanup,/products/spe-sample-cleanup/quechers-cleanup-salt-packet,/documents/products/spe-sample-cleanup/quechers-cleanup-salt-packet/LANCHROM-quechers-cleanup-salt-packet-TDS.pdf,/documents/products/spe-sample-cleanup/quechers-cleanup-salt-packet/LANCHROM-quechers-cleanup-salt-packet-Specification.pdf
Volumetric Karl Fischer Reagent (Single Component),,Reference Standards & Analytical Reagents,Karl Fischer Reagents,/products/karl-fischer-reagents/volumetric-karl-fischer-reagent-single-component,/documents/products/karl-fischer-reagents/volumetric-karl-fischer-reagent-single-component/LANCHROM-volumetric-karl-fischer-reagent-single-component-TDS.pdf,/documents/products/karl-fischer-reagents/volumetric-karl-fischer-reagent-single-component/LANCHROM-volumetric-karl-fischer-reagent-single-component-Specification.pdf
Volumetric Karl Fischer Reagent (Two Component),,Reference Standards & Analytical Reagents,Karl Fischer Reagents,/products/karl-fischer-reagents/volumetric-karl-fischer-reagent-two-component,/documents/products/karl-fischer-reagents/volumetric-karl-fischer-reagent-two-component/LANCHROM-volumetric-karl-fischer-reagent-two-component-TDS.pdf,/documents/products/karl-fischer-reagents/volumetric-karl-fischer-reagent-two-component/LANCHROM-volumetric-karl-fischer-reagent-two-component-Specification.pdf
Coulometric Karl Fischer Anolyte,,Reference Standards & Analytical Reagents,Karl Fischer Reagents,/products/karl-fischer-reagents/coulometric-karl-fischer-anolyte,/documents/products/karl-fischer-reagents/coulometric-karl-fischer-anolyte/LANCHROM-coulometric-karl-fischer-anolyte-TDS.pdf,/documents/products/karl-fischer-reagents/coulometric-karl-fischer-anolyte/LANCHROM-coulometric-karl-fischer-anolyte-Specification.pdf
Coulometric Karl Fischer Catholyte,,Reference Standards & Analytical Reagents,Karl Fischer Reagents,/products/karl-fischer-reagents/coulometric-karl-fischer-catholyte,/documents/products/karl-fischer-reagents/coulometric-karl-fischer-catholyte/LANCHROM-coulometric-karl-fischer-catholyte-TDS.pdf,/documents/products/karl-fischer-reagents/coulometric-karl-fischer-catholyte/LANCHROM-coulometric-karl-fischer-catholyte-Specification.pdf
Water Standard Solution (1.0mg/g),,Reference Standards & Analytical Reagents,Karl Fischer Reagents,/products/karl-fischer-reagents/water-standard-solution-1-0mg-g,/documents/products/karl-fischer-reagents/water-standard-solution-1-0mg-g/LANCHROM-water-standard-solution-1-0mg-g-TDS.pdf,/documents/products/karl-fischer-reagents/water-standard-solution-1-0mg-g/LANCHROM-water-standard-solution-1-0mg-g-Specification.pdf
"Methanol (KF Grade, Anhydrous)",,Reference Standards & Analytical Reagents,Karl Fischer Reagents,/products/karl-fischer-reagents/methanol-kf-grade-anhydrous,/documents/products/karl-fischer-reagents/methanol-kf-grade-anhydrous/LANCHROM-methanol-kf-grade-anhydrous-TDS.pdf,/documents/products/karl-fischer-reagents/methanol-kf-grade-anhydrous/LANCHROM-methanol-kf-grade-anhydrous-Specification.pdf
Chloroform-d (CDCl₃),,High-Purity Solvents & Chemicals,Deuterated NMR Solvents,/products/deuterated-nmr-solvents/chloroform-d-cdcl3,/documents/products/deuterated-nmr-solvents/chloroform-d-cdcl3/LANCHROM-chloroform-d-cdcl3-TDS.pdf,/documents/products/deuterated-nmr-solvents/chloroform-d-cdcl3/LANCHROM-chloroform-d-cdcl3-Specification.pdf
Deuterium Oxide (D₂O),,High-Purity Solvents & Chemicals,Deuterated NMR Solvents,/products/deuterated-nmr-solvents/deuterium-oxide-d2o,/documents/products/deuterated-nmr-solvents/deuterium-oxide-d2o/LANCHROM-deuterium-oxide-d2o-TDS.pdf,/documents/products/deuterated-nmr-solvents/deuterium-oxide-d2o/LANCHROM-deuterium-oxide-d2o-Specification.pdf
Methanol-d4 (CD₃OD),,High-Purity Solvents & Chemicals,Deuterated NMR Solvents,/products/deuterated-nmr-solvents/methanol-d4-cd3od,/documents/products/deuterated-nmr-solvents/methanol-d4-cd3od/LANCHROM-methanol-d4-cd3od-TDS.pdf,/documents/products/deuterated-nmr-solvents/methanol-d4-cd3od/LANCHROM-methanol-d4-cd3od-Specification.pdf
Acetone-d6 (CD₃COCD₃),,High-Purity Solvents & Chemicals,Deuterated NMR Solvents,/products/deuterated-nmr-solvents/acetone-d6-cd3cocd3,/documents/products/deuterated-nmr-solvents/acetone-d6-cd3cocd3/LANCHROM-acetone-d6-cd3cocd3-TDS.pdf,/documents/products/deuterated-nmr-solvents/acetone-d6-cd3cocd3/LANCHROM-acetone-d6-cd3cocd3-Specification.pdf
Benzene-d6 (C₆D₆),,High-Purity Solvents & Chemicals,Deuterated NMR Solvents,/products/deuterated-nmr-solvents/benzene-d6-c6d6,/documents/products/deuterated-nmr-solvents/benzene-d6-c6d6/LANCHROM-benzene-d6-c6d6-TDS.pdf,/documents/products/deuterated-nmr-solvents/benzene-d6-c6d6/LANCHROM-benzene-d6-c6d6-Specification.pdf
Acetonitrile-d3 (CD₃CN),,High-Purity Solvents & Chemicals,Deuterated NMR Solvents,/products/deuterated-nmr-solvents/acetonitrile-d3-cd3cn,/documents/products/deuterated-nmr-solvents/acetonitrile-d3-cd3cn/LANCHROM-acetonitrile-d3-cd3cn-TDS.pdf,/documents/products/deuterated-nmr-solvents/acetonitrile-d3-cd3cn/LANCHROM-acetonitrile-d3-cd3cn-Specification.pdf
Dichloromethane-d2 (CD₂Cl₂),,High-Purity Solvents & Chemicals,Deuterated NMR Solvents,/products/deuterated-nmr-solvents/dichloromethane-d2-cd2cl2,/documents/products/deuterated-nmr-solvents/dichloromethane-d2-cd2cl2/LANCHROM-dichloromethane-d2-cd2cl2-TDS.pdf,/documents/products/deuterated-nmr-solvents/dichloromethane-d2-cd2cl2/LANCHROM-dichloromethane-d2-cd2cl2-Specification.pdf
NMR Standard Tube Solution Kit,,High-Purity Solvents & Chemicals,Deuterated NMR Solvents,/products/deuterated-nmr-solvents/nmr-standard-tube-solution-kit,/documents/products/deuterated-nmr-solvents/nmr-standard-tube-solution-kit/LANCHROM-nmr-standard-tube-solution-kit-TDS.pdf,/documents/products/deuterated-nmr-solvents/nmr-standard-tube-solution-kit/LANCHROM-nmr-standard-tube-solution-kit-Specification.pdf
Granular Dehydrated Culture Medium (General Series),,Life Science & Workflow Kits,Microbiology & Environmental Monitoring,/products/microbiology-environmental-monitoring/granular-dehydrated-culture-medium-general-series,/documents/products/microbiology-environmental-monitoring/granular-dehydrated-culture-medium-general-series/LANCHROM-granular-dehydrated-culture-medium-general-series-TDS.pdf,/documents/products/microbiology-environmental-monitoring/granular-dehydrated-culture-medium-general-series/LANCHROM-granular-dehydrated-culture-medium-general-series-Specification.pdf
Clean Room Environmental Monitoring Medium,,Life Science & Workflow Kits,Microbiology & Environmental Monitoring,/products/microbiology-environmental-monitoring/clean-room-environmental-monitoring-medium,/documents/products/microbiology-environmental-monitoring/clean-room-environmental-monitoring-medium/LANCHROM-clean-room-environmental-monitoring-medium-TDS.pdf,/documents/products/microbiology-environmental-monitoring/clean-room-environmental-monitoring-medium/LANCHROM-clean-room-environmental-monitoring-medium-Specification.pdf
Air Sampling Culture Medium,,Life Science & Workflow Kits,Microbiology & Environmental Monitoring,/products/microbiology-environmental-monitoring/air-sampling-culture-medium,/documents/products/microbiology-environmental-monitoring/air-sampling-culture-medium/LANCHROM-air-sampling-culture-medium-TDS.pdf,/documents/products/microbiology-environmental-monitoring/air-sampling-culture-medium/LANCHROM-air-sampling-culture-medium-Specification.pdf
Pre-Prepared Plate Culture Medium (Ready-to-Use),,Life Science & Workflow Kits,Microbiology & Environmental Monitoring,/products/microbiology-environmental-monitoring/pre-prepared-plate-culture-medium-ready-to-use,/documents/products/microbiology-environmental-monitoring/pre-prepared-plate-culture-medium-ready-to-use/LANCHROM-pre-prepared-plate-culture-medium-ready-to-use-TDS.pdf,/documents/products/microbiology-environmental-monitoring/pre-prepared-plate-culture-medium-ready-to-use/LANCHROM-pre-prepared-plate-culture-medium-ready-to-use-Specification.pdf
Chromogenic Culture Medium (Pathogen Identification),,Life Science & Workflow Kits,Microbiology & Environmental Monitoring,/products/microbiology-environmental-monitoring/chromogenic-culture-medium-pathogen-identification,/documents/products/microbiology-environmental-monitoring/chromogenic-culture-medium-pathogen-identification/LANCHROM-chromogenic-culture-medium-pathogen-identification-TDS.pdf,/documents/products/microbiology-environmental-monitoring/chromogenic-culture-medium-pathogen-identification/LANCHROM-chromogenic-culture-medium-pathogen-identification-Specification.pdf
ATP Hygiene Detection System,,Life Science & Workflow Kits,Microbiology & Environmental Monitoring,/products/microbiology-environmental-monitoring/atp-hygiene-detection-system,/documents/products/microbiology-environmental-monitoring/atp-hygiene-detection-system/LANCHROM-atp-hygiene-detection-system-TDS.pdf,/documents/products/microbiology-environmental-monitoring/atp-hygiene-detection-system/LANCHROM-atp-hygiene-detection-system-Specification.pdf
Microorganism Rapid Staining Reagent Kit,,Life Science & Workflow Kits,Microbiology & Environmental Monitoring,/products/microbiology-environmental-monitoring/microorganism-rapid-staining-reagent-kit,/documents/products/microbiology-environmental-monitoring/microorganism-rapid-staining-reagent-kit/LANCHROM-microorganism-rapid-staining-reagent-kit-TDS.pdf,/documents/products/microbiology-environmental-monitoring/microorganism-rapid-staining-reagent-kit/LANCHROM-microorganism-rapid-staining-reagent-kit-Specification.pdf
Diatomaceous Earth,,"Pharmaceutical, Food & Laboratory Materials",Laboratory & Process Materials,/products/laboratory-process-materials/diatomaceous-earth,/documents/products/laboratory-process-materials/diatomaceous-earth/LANCHROM-diatomaceous-earth-TDS.pdf,/documents/products/laboratory-process-materials/diatomaceous-earth/LANCHROM-diatomaceous-earth-Specification.pdf
Kjeldahl Nitrogen Determination Tablet,,"Pharmaceutical, Food & Laboratory Materials",Laboratory & Process Materials,/products/laboratory-process-materials/kjeldahl-nitrogen-determination-tablet,/documents/products/laboratory-process-materials/kjeldahl-nitrogen-determination-tablet/LANCHROM-kjeldahl-nitrogen-determination-tablet-TDS.pdf,/documents/products/laboratory-process-materials/kjeldahl-nitrogen-determination-tablet/LANCHROM-kjeldahl-nitrogen-determination-tablet-Specification.pdf
n-Hexane/n-Heptane,,High-Purity Solvents & Chemicals,Pharmaceutical Grade Solvents,/products/pharmaceutical-grade-solvents/n-hexane-n-heptane,/documents/products/pharmaceutical-grade-solvents/n-hexane-n-heptane/LANCHROM-n-hexane-n-heptane-TDS.pdf,/documents/products/pharmaceutical-grade-solvents/n-hexane-n-heptane/LANCHROM-n-hexane-n-heptane-Specification.pdf
Acetone,,High-Purity Solvents & Chemicals,Pharmaceutical Grade Solvents,/products/pharmaceutical-grade-solvents/acetone,/documents/products/pharmaceutical-grade-solvents/acetone/LANCHROM-acetone-TDS.pdf,/documents/products/pharmaceutical-grade-solvents/acetone/LANCHROM-acetone-Specification.pdf
Chloroform,,High-Purity Solvents & Chemicals,Pharmaceutical Grade Solvents,/products/pharmaceutical-grade-solvents/chloroform,/documents/products/pharmaceutical-grade-solvents/chloroform/LANCHROM-chloroform-TDS.pdf,/documents/products/pharmaceutical-grade-solvents/chloroform/LANCHROM-chloroform-Specification.pdf
Ethanol,,High-Purity Solvents & Chemicals,Pharmaceutical Grade Solvents,/products/pharmaceutical-grade-solvents/ethanol,/documents/products/pharmaceutical-grade-solvents/ethanol/LANCHROM-ethanol-TDS.pdf,/documents/products/pharmaceutical-grade-solvents/ethanol/LANCHROM-ethanol-Specification.pdf
Methanol,,High-Purity Solvents & Chemicals,Pharmaceutical Grade Solvents,/products/pharmaceutical-grade-solvents/methanol,/documents/products/pharmaceutical-grade-solvents/methanol/LANCHROM-methanol-TDS.pdf,/documents/products/pharmaceutical-grade-solvents/methanol/LANCHROM-methanol-Specification.pdf
Acetonitrile,,High-Purity Solvents & Chemicals,Pharmaceutical Grade Solvents,/products/pharmaceutical-grade-solvents/acetonitrile,/documents/products/pharmaceutical-grade-solvents/acetonitrile/LANCHROM-acetonitrile-TDS.pdf,/documents/products/pharmaceutical-grade-solvents/acetonitrile/LANCHROM-acetonitrile-Specification.pdf
Tetrahydrofuran (THF),,High-Purity Solvents & Chemicals,Pharmaceutical Grade Solvents,/products/pharmaceutical-grade-solvents/tetrahydrofuran-thf,/documents/products/pharmaceutical-grade-solvents/tetrahydrofuran-thf/LANCHROM-tetrahydrofuran-thf-TDS.pdf,/documents/products/pharmaceutical-grade-solvents/tetrahydrofuran-thf/LANCHROM-tetrahydrofuran-thf-Specification.pdf
Cyclohexane,,High-Purity Solvents & Chemicals,Pharmaceutical Grade Solvents,/products/pharmaceutical-grade-solvents/cyclohexane,/documents/products/pharmaceutical-grade-solvents/cyclohexane/LANCHROM-cyclohexane-TDS.pdf,/documents/products/pharmaceutical-grade-solvents/cyclohexane/LANCHROM-cyclohexane-Specification.pdf
N-Methyl Pyrrolidone (NMP),,High-Purity Solvents & Chemicals,Pharmaceutical Grade Solvents,/products/pharmaceutical-grade-solvents/n-methyl-pyrrolidone-nmp,/documents/products/pharmaceutical-grade-solvents/n-methyl-pyrrolidone-nmp/LANCHROM-n-methyl-pyrrolidone-nmp-TDS.pdf,/documents/products/pharmaceutical-grade-solvents/n-methyl-pyrrolidone-nmp/LANCHROM-n-methyl-pyrrolidone-nmp-Specification.pdf
Diethanolamine (DEA),,High-Purity Solvents & Chemicals,Pharmaceutical Grade Solvents,/products/pharmaceutical-grade-solvents/diethanolamine-dea,/documents/products/pharmaceutical-grade-solvents/diethanolamine-dea/LANCHROM-diethanolamine-dea-TDS.pdf,/documents/products/pharmaceutical-grade-solvents/diethanolamine-dea/LANCHROM-diethanolamine-dea-Specification.pdf
n-Propyl Acetate/n-Butyl Acetate,,High-Purity Solvents & Chemicals,Pharmaceutical Grade Solvents,/products/pharmaceutical-grade-solvents/n-propyl-acetate-n-butyl-acetate,/documents/products/pharmaceutical-grade-solvents/n-propyl-acetate-n-butyl-acetate/LANCHROM-n-propyl-acetate-n-butyl-acetate-TDS.pdf,/documents/products/pharmaceutical-grade-solvents/n-propyl-acetate-n-butyl-acetate/LANCHROM-n-propyl-acetate-n-butyl-acetate-Specification.pdf
